path,label,group_id,md5
<DATA_ROOT>\casting_512x512\casting_512x512\def_front\cast_def_0_100.jpeg,1,1,8d8212316628ede9ad7044bf592c9ad9
<DATA_ROOT>\casting_512x512\casting_512x512\def_front\cast_def_0_1015.jpeg,1,2,cf2d01c2a36226da96b38ebf05f92d4c
<DATA_ROOT>\casting_512x512\casting_512x512\def_front\cast_def_0_102.jpeg,1,3,422ab17a655f281232f624f06641e41e
<DATA_ROOT>\casting_512x512\casting_512x512\def_front\cast_def_0_1046.jpeg,1,4,450045ad7f5bcc306135c52e975d5f12
<DATA_ROOT>\casting_512x512\casting_512x512\def_front\cast_def_0_1053.jpeg,1,5,0a1c9f7a1154327e67f74bc98b874305
<DATA_ROOT>\casting_512x512\casting_512x512\def_front\cast_def_0_1077.jpeg,1,7,7cfb9958cdf8de2dd60fdcadb7e9f733
<DATA_ROOT>\casting_512x512\casting_512x512\def_front\cast_def_0_1087.jpeg,1,8,8ee900b451805d85f8520684d95c3fe3
<DATA_ROOT>\casting_512x512\casting_512x512\def_front\cast_def_0_1091.jpeg,1,9,ab6d93bd0cd4c1ed366ddc4a09a9c4cd
<DATA_ROOT>\casting_512x512\casting_512x512\def_front\cast_def_0_1104.jpeg,1,10,e47ea10d90fb2da18d6ccb485ca75ac1
<DATA_ROOT>\casting_512x512\casting_512x512\def_front\cast_def_0_1108.jpeg,1,11,acb5985db90f9a37df5805bb584e326c
<DATA_ROOT>\casting_512x512\casting_512x512\def_front\cast_def_0_1112.jpeg,1,12,6b1ad761a30a090c4c2cd327c6ee3e2e
<DATA_ROOT>\casting_512x512\casting_512x512\def_front\cast_def_0_1115.jpeg,1,13,82137a7501417813ebcdf898295974ff
<DATA_ROOT>\casting_512x512\casting_512x512\def_front\cast_def_0_1139.jpeg,1,16,ebcacd885a8f5ff4f2b79b8689ef4b42
<DATA_ROOT>\casting_512x512\casting_512x512\def_front\cast_def_0_1145.jpeg,1,18,046f9da0e3efb7a32e713475620ce80f
<DATA_ROOT>\casting_512x512\casting_512x512\def_front\cast_def_0_1147.jpeg,1,19,15be415df36e5c44825f6493dc345488
<DATA_ROOT>\casting_512x512\casting_512x512\def_front\cast_def_0_1155.jpeg,1,20,e5abef249127dfe65765ff0a6373c1b8
<DATA_ROOT>\casting_512x512\casting_512x512\def_front\cast_def_0_1157.jpeg,1,21,c27e6946141e1b4fc7d565c65173151c
<DATA_ROOT>\casting_512x512\casting_512x512\def_front\cast_def_0_1159.jpeg,1,22,f1c667480000630186569027a5fbac62
<DATA_ROOT>\casting_512x512\casting_512x512\def_front\cast_def_0_122.jpeg,1,26,c71652e62783ebfb249812265a62fbab
<DATA_ROOT>\casting_512x512\casting_512x512\def_front\cast_def_0_1225.jpeg,1,27,0a7dd852ea08967854f0991fcaf5b638
<DATA_ROOT>\casting_512x512\casting_512x512\def_front\cast_def_0_1226.jpeg,1,28,b69baa3fc7ed2554b9e4cb5f222b55be
<DATA_ROOT>\casting_512x512\casting_512x512\def_front\cast_def_0_1230.jpeg,1,29,787f9040655a7e65c8bb3558bf5045c0
<DATA_ROOT>\casting_512x512\casting_512x512\def_front\cast_def_0_1257.jpeg,1,30,c2e1e1a3ae4a04dea00eff849507952d
<DATA_ROOT>\casting_512x512\casting_512x512\def_front\cast_def_0_1261.jpeg,1,31,5a212da1f502aa71fff49eb801935582
<DATA_ROOT>\casting_512x512\casting_512x512\def_front\cast_def_0_127.jpeg,1,32,535a138b50d7119263683491c6caee3f
<DATA_ROOT>\casting_512x512\casting_512x512\def_front\cast_def_0_1286.jpeg,1,34,be2f6583d63d18636bf1fa1f3ec2dd0c
<DATA_ROOT>\casting_512x512\casting_512x512\def_front\cast_def_0_1359.jpeg,1,36,ed5245935b4454289b0b04a164f7e74a
<DATA_ROOT>\casting_512x512\casting_512x512\def_front\cast_def_0_1381.jpeg,1,38,e4866ceba662cc37fdb0b91518b68133
<DATA_ROOT>\casting_512x512\casting_512x512\def_front\cast_def_0_1432.jpeg,1,41,beac46d970031472355e92d17cb89438
<DATA_ROOT>\casting_512x512\casting_512x512\def_front\cast_def_0_1443.jpeg,1,42,811197da717f4e3aafe259ab93a06cb6
<DATA_ROOT>\casting_512x512\casting_512x512\def_front\cast_def_0_150.jpeg,1,47,b9eda7e5fbf324a1fe3322a903fa6d78
<DATA_ROOT>\casting_512x512\casting_512x512\def_front\cast_def_0_1532.jpeg,1,48,ba29708cb70457263c81dae6dcd85cea
<DATA_ROOT>\casting_512x512\casting_512x512\def_front\cast_def_0_1533.jpeg,1,49,cbd3387121481fba9c5e98d9dbd2bd46
<DATA_ROOT>\casting_512x512\casting_512x512\def_front\cast_def_0_1534.jpeg,1,50,ec0d0ac370ecf57fc6e23d301cda8e8b
<DATA_ROOT>\casting_512x512\casting_512x512\def_front\cast_def_0_1547.jpeg,1,51,ad8f62009300110184afc88723fa3ae5
<DATA_ROOT>\casting_512x512\casting_512x512\def_front\cast_def_0_1567.jpeg,1,52,ddd5d9c0f8ed809790dfc74fa04668bd
<DATA_ROOT>\casting_512x512\casting_512x512\def_front\cast_def_0_1589.jpeg,1,53,d4e0778b5d5e5fc0d793b016283c632e
<DATA_ROOT>\casting_512x512\casting_512x512\def_front\cast_def_0_159.jpeg,1,54,017505be0ead0532d720efdab4c090d8
<DATA_ROOT>\casting_512x512\casting_512x512\def_front\cast_def_0_1596.jpeg,1,55,4f91d0ea37ab457a97890a8f3444c8d1
<DATA_ROOT>\casting_512x512\casting_512x512\def_front\cast_def_0_1609.jpeg,1,56,cc79061840380859046f8e2e406a2311
<DATA_ROOT>\casting_512x512\casting_512x512\def_front\cast_def_0_1616.jpeg,1,57,77cbadd3717fd3e9ebaed08833a9fb83
<DATA_ROOT>\casting_512x512\casting_512x512\def_front\cast_def_0_1662.jpeg,1,59,3b8cdf4a81a35784fdbbc6a23326d3cc
<DATA_ROOT>\casting_512x512\casting_512x512\def_front\cast_def_0_1679.jpeg,1,60,c8a6bb39c833dee03da631e9da97cead
<DATA_ROOT>\casting_512x512\casting_512x512\def_front\cast_def_0_1694.jpeg,1,63,498a83f415acea482b13087a0d7fc8eb
<DATA_ROOT>\casting_512x512\casting_512x512\def_front\cast_def_0_1705.jpeg,1,64,83542ca6db16c6045e301737cf8e9a5f
<DATA_ROOT>\casting_512x512\casting_512x512\def_front\cast_def_0_1721.jpeg,1,66,49bcf75f088a6c428cfe14fa9841a33b
<DATA_ROOT>\casting_512x512\casting_512x512\def_front\cast_def_0_1729.jpeg,1,67,3680ef52bbc2a6cf657113a648a2247a
<DATA_ROOT>\casting_512x512\casting_512x512\def_front\cast_def_0_177.jpeg,1,69,62f1f1ba25560c8dfa0a7aefb603aaee
<DATA_ROOT>\casting_512x512\casting_512x512\def_front\cast_def_0_1772.jpeg,1,70,361e8e5abb91f8ced5e59880f58f1630
<DATA_ROOT>\casting_512x512\casting_512x512\def_front\cast_def_0_1794.jpeg,1,72,61ab1b6ea18683ca2dfc3cfe3b219c83
<DATA_ROOT>\casting_512x512\casting_512x512\def_front\cast_def_0_180.jpeg,1,73,d3ad9c964e4663715e21a265494ae136
<DATA_ROOT>\casting_512x512\casting_512x512\def_front\cast_def_0_1800.jpeg,1,74,710b5361dcd2e110dcb8e9a0ec48731b
<DATA_ROOT>\casting_512x512\casting_512x512\def_front\cast_def_0_1828.jpeg,1,77,d4d5963f219948734718122b8f35fddb
<DATA_ROOT>\casting_512x512\casting_512x512\def_front\cast_def_0_1831.jpeg,1,78,1534d6a0bfe3baf3c536d357a7153711
<DATA_ROOT>\casting_512x512\casting_512x512\def_front\cast_def_0_1860.jpeg,1,80,abce281546727b843d5aa210ae7acf2b
<DATA_ROOT>\casting_512x512\casting_512x512\def_front\cast_def_0_1877.jpeg,1,81,7eeb17e2122c7d80a3c67c1b9a313bf8
<DATA_ROOT>\casting_512x512\casting_512x512\def_front\cast_def_0_188.jpeg,1,82,9f6f52d5c2a3ba5d45a3ad4a38a8dc0f
<DATA_ROOT>\casting_512x512\casting_512x512\def_front\cast_def_0_1885.jpeg,1,83,8a36d3b95655df4bbcf4d494db3e2d37
<DATA_ROOT>\casting_512x512\casting_512x512\def_front\cast_def_0_1949.jpeg,1,85,724729ac0f4d1c315fcd255b136e0f4e
<DATA_ROOT>\casting_512x512\casting_512x512\def_front\cast_def_0_1958.jpeg,1,86,f2af3ee6a0c961c9e69509a023276a73
<DATA_ROOT>\casting_512x512\casting_512x512\def_front\cast_def_0_2.jpeg,1,89,d1e85cad37e2bc4d85340af5cb7497c8
<DATA_ROOT>\casting_512x512\casting_512x512\def_front\cast_def_0_2003.jpeg,1,90,fc7162a61607b2653ab4091713d5c880
<DATA_ROOT>\casting_512x512\casting_512x512\def_front\cast_def_0_2020.jpeg,1,92,14c41f933c5b1dc3b633c4f19b31056e
<DATA_ROOT>\casting_512x512\casting_512x512\def_front\cast_def_0_2022.jpeg,1,93,74a9a85715b5c503b0e113ea84385720
<DATA_ROOT>\casting_512x512\casting_512x512\def_front\cast_def_0_2057.jpeg,1,94,63215f6c9c6158c058f144f7555d33aa
<DATA_ROOT>\casting_512x512\casting_512x512\def_front\cast_def_0_2060.jpeg,1,95,49f69f57141d9d3ee21791e38d5c4a98
<DATA_ROOT>\casting_512x512\casting_512x512\def_front\cast_def_0_2090.jpeg,1,97,ba165eaaba2fdd57db68beb9e40ae62e
<DATA_ROOT>\casting_512x512\casting_512x512\def_front\cast_def_0_219.jpeg,1,103,af8fdac9b9d5bbdec24649860cd8c94b
<DATA_ROOT>\casting_512x512\casting_512x512\def_front\cast_def_0_22.jpeg,1,104,ce515410357c10503611ff05aab76591
<DATA_ROOT>\casting_512x512\casting_512x512\def_front\cast_def_0_2201.jpeg,1,105,6a15babf058cc0f55079806a3ded4f5b
<DATA_ROOT>\casting_512x512\casting_512x512\def_front\cast_def_0_221.jpeg,1,106,4638e02276295531e25deb200bd3384f
<DATA_ROOT>\casting_512x512\casting_512x512\def_front\cast_def_0_223.jpeg,1,108,a78b6e9d5f63f9e830893fa4b3e20c65
<DATA_ROOT>\casting_512x512\casting_512x512\def_front\cast_def_0_2234.jpeg,1,109,663bfaf399725e6a2848e39a9c2d620f
<DATA_ROOT>\casting_512x512\casting_512x512\def_front\cast_def_0_2263.jpeg,1,112,aeae61c769b351bfff7d8f8cc0eccd75
<DATA_ROOT>\casting_512x512\casting_512x512\def_front\cast_def_0_2280.jpeg,1,113,fa1c1ed6c51ce1d97dab7bf73737c7c0
<DATA_ROOT>\casting_512x512\casting_512x512\def_front\cast_def_0_2299.jpeg,1,115,b6200c193bde98b3f3da19768e1378de
<DATA_ROOT>\casting_512x512\casting_512x512\def_front\cast_def_0_2304.jpeg,1,116,88027993b7a49b42bcc7f1acef082e13
<DATA_ROOT>\casting_512x512\casting_512x512\def_front\cast_def_0_2305.jpeg,1,117,efd7a43d88e2c60933981b29e21bd387
<DATA_ROOT>\casting_512x512\casting_512x512\def_front\cast_def_0_2320.jpeg,1,120,774a93625763aa774e1fd32cbcb05d7c
<DATA_ROOT>\casting_512x512\casting_512x512\def_front\cast_def_0_2358.jpeg,1,122,2c9a9e9e51a00c4c7662d316b68cd4c5
<DATA_ROOT>\casting_512x512\casting_512x512\def_front\cast_def_0_238.jpeg,1,94,d7863a59bb177e122717e3f4d4a721f8
<DATA_ROOT>\casting_512x512\casting_512x512\def_front\cast_def_0_2422.jpeg,1,125,d6c9d692177637a1c4006e279720e992
<DATA_ROOT>\casting_512x512\casting_512x512\def_front\cast_def_0_2426.jpeg,1,126,593e70dbbd772fe59392ae9a067d249c
<DATA_ROOT>\casting_512x512\casting_512x512\def_front\cast_def_0_2437.jpeg,1,127,9f0ea6e34cf5d6b7c66943d9d94efffe
<DATA_ROOT>\casting_512x512\casting_512x512\def_front\cast_def_0_2480.jpeg,1,130,34164c67e8ada6a233fe2b674aa76454
<DATA_ROOT>\casting_512x512\casting_512x512\def_front\cast_def_0_2485.jpeg,1,132,f6804c0cf806c456699f87feefa8d694
<DATA_ROOT>\casting_512x512\casting_512x512\def_front\cast_def_0_25.jpeg,1,133,cebcf183109cccbd82fdb3c344bf3c24
<DATA_ROOT>\casting_512x512\casting_512x512\def_front\cast_def_0_2515.jpeg,1,134,409790ee5ee96e50ead5ce4d6007ad5a
<DATA_ROOT>\casting_512x512\casting_512x512\def_front\cast_def_0_255.jpeg,1,135,04e3311c4e0cb9c58be2a4000a01a9a2
<DATA_ROOT>\casting_512x512\casting_512x512\def_front\cast_def_0_2582.jpeg,1,137,103fdcb68e3730177beceeb3547a771a
<DATA_ROOT>\casting_512x512\casting_512x512\def_front\cast_def_0_2592.jpeg,1,138,247f5db58b4fed9dd26dfdfdb7be55bd
<DATA_ROOT>\casting_512x512\casting_512x512\def_front\cast_def_0_2614.jpeg,1,139,a43227640b768368fe913381a0574d72
<DATA_ROOT>\casting_512x512\casting_512x512\def_front\cast_def_0_2640.jpeg,1,142,f5143b95d3db64e2f7cf262a347b9066
<DATA_ROOT>\casting_512x512\casting_512x512\def_front\cast_def_0_2649.jpeg,1,143,d9aef1e17cf811755776c04882a7b4ee
<DATA_ROOT>\casting_512x512\casting_512x512\def_front\cast_def_0_2663.jpeg,1,145,d84994c3ceec77b68af94a0fb25e81dc
<DATA_ROOT>\casting_512x512\casting_512x512\def_front\cast_def_0_2683.jpeg,1,146,951377db3bf4e18af6e03ba024a68a72
<DATA_ROOT>\casting_512x512\casting_512x512\def_front\cast_def_0_2690.jpeg,1,147,e29d652a9510c9e7213a494750acc25f
<DATA_ROOT>\casting_512x512\casting_512x512\def_front\cast_def_0_2691.jpeg,1,148,f49025539c3942e1a9c5b86882e94c8a
<DATA_ROOT>\casting_512x512\casting_512x512\def_front\cast_def_0_2700.jpeg,1,149,08d0c431af505ffb7502bff288801a70
<DATA_ROOT>\casting_512x512\casting_512x512\def_front\cast_def_0_2701.jpeg,1,150,ff0d60b5e291aea4092e803f8cbff483
<DATA_ROOT>\casting_512x512\casting_512x512\def_front\cast_def_0_2708.jpeg,1,151,5840aa29643cb767be7c404a5649e2e1
<DATA_ROOT>\casting_512x512\casting_512x512\def_front\cast_def_0_2733.jpeg,1,152,ebc80c678c1dcb31195d5986d694cc14
<DATA_ROOT>\casting_512x512\casting_512x512\def_front\cast_def_0_2745.jpeg,1,153,9158015c69fd171f400dd2e93e52bfd9
<DATA_ROOT>\casting_512x512\casting_512x512\def_front\cast_def_0_2798.jpeg,1,155,9cf5162f0dfd6abd5a2e2b938f7a8be0
<DATA_ROOT>\casting_512x512\casting_512x512\def_front\cast_def_0_2808.jpeg,1,156,6d074db5fa704859c1c5dbf630a74f97
<DATA_ROOT>\casting_512x512\casting_512x512\def_front\cast_def_0_2820.jpeg,1,157,22d85b5defaa7528c55505396341aab2
<DATA_ROOT>\casting_512x512\casting_512x512\def_front\cast_def_0_2832.jpeg,1,158,9110a6924c6f87531c3e209b0deb4b95
<DATA_ROOT>\casting_512x512\casting_512x512\def_front\cast_def_0_2837.jpeg,1,160,262cec2961a67db355c6b8b98688ebc2
<DATA_ROOT>\casting_512x512\casting_512x512\def_front\cast_def_0_2855.jpeg,1,161,bbedd26fe6631fc1a435ca3603c847d0
<DATA_ROOT>\casting_512x512\casting_512x512\def_front\cast_def_0_2892.jpeg,1,163,0197d78331b89bc635261d575f11858b
<DATA_ROOT>\casting_512x512\casting_512x512\def_front\cast_def_0_2900.jpeg,1,164,74462345ccba6c0a514b884c748bd25e
<DATA_ROOT>\casting_512x512\casting_512x512\def_front\cast_def_0_2917.jpeg,1,165,00b3b65af50cd26dee96c60747e94123
<DATA_ROOT>\casting_512x512\casting_512x512\def_front\cast_def_0_2937.jpeg,1,166,ffea00f18f0f8e136aa01e328fc9807e
<DATA_ROOT>\casting_512x512\casting_512x512\def_front\cast_def_0_2950.jpeg,1,167,728dba732d47d21569961a2c4080768d
<DATA_ROOT>\casting_512x512\casting_512x512\def_front\cast_def_0_2966.jpeg,1,168,9ad13ae48017eccb3bfb86162a49c6b6
<DATA_ROOT>\casting_512x512\casting_512x512\def_front\cast_def_0_2973.jpeg,1,169,ad3ad6acba1156f35b6f78de11bca819
<DATA_ROOT>\casting_512x512\casting_512x512\def_front\cast_def_0_2994.jpeg,1,170,40ce3bea6490a05425665ef927aa60b3
<DATA_ROOT>\casting_512x512\casting_512x512\def_front\cast_def_0_3010.jpeg,1,171,833582966147c1e47ad3ce9d8586fc5a
<DATA_ROOT>\casting_512x512\casting_512x512\def_front\cast_def_0_3050.jpeg,1,173,0a0ec5871389f88371d1261908234d03
<DATA_ROOT>\casting_512x512\casting_512x512\def_front\cast_def_0_3070.jpeg,1,175,cebdef9091cc7cc6958ac3e730d3bf0e
<DATA_ROOT>\casting_512x512\casting_512x512\def_front\cast_def_0_3098.jpeg,1,177,fd53c7a0f1b03b6f3f4212be7518552f
<DATA_ROOT>\casting_512x512\casting_512x512\def_front\cast_def_0_3104.jpeg,1,178,6e69ca834f6e6d71f9716c95afdfe854
<DATA_ROOT>\casting_512x512\casting_512x512\def_front\cast_def_0_3105.jpeg,1,179,1b519eaffdf82c9a0213ca3e7818be3c
<DATA_ROOT>\casting_512x512\casting_512x512\def_front\cast_def_0_311.jpeg,1,180,731e1fe76f27f02ae12faff9568ec38d
<DATA_ROOT>\casting_512x512\casting_512x512\def_front\cast_def_0_3136.jpeg,1,182,ecbb19ce11d01ab6edfdd0dcc175d04b
<DATA_ROOT>\casting_512x512\casting_512x512\def_front\cast_def_0_318.jpeg,1,185,3069233e7136a15c0ca51c5b8168595a
<DATA_ROOT>\casting_512x512\casting_512x512\def_front\cast_def_0_3220.jpeg,1,188,bc7b0ae6ff3e75d9a60b12c31b6d8f81
<DATA_ROOT>\casting_512x512\casting_512x512\def_front\cast_def_0_324.jpeg,1,190,609d3740e716adb33ce7696e191a67fe
<DATA_ROOT>\casting_512x512\casting_512x512\def_front\cast_def_0_3252.jpeg,1,192,480ef2937da031c176c9c558e897b4d4
<DATA_ROOT>\casting_512x512\casting_512x512\def_front\cast_def_0_3285.jpeg,1,195,ea26bcfd1a37642e4e098eed3eccc825
<DATA_ROOT>\casting_512x512\casting_512x512\def_front\cast_def_0_3311.jpeg,1,197,ad66c4b4ee2743790bf8d738f588bc93
<DATA_ROOT>\casting_512x512\casting_512x512\def_front\cast_def_0_333.jpeg,1,198,15d7a7abc5e131fd3c0498a502bdc45e
<DATA_ROOT>\casting_512x512\casting_512x512\def_front\cast_def_0_3334.jpeg,1,199,5fb1c7b8510b03b26d3771e073405317
<DATA_ROOT>\casting_512x512\casting_512x512\def_front\cast_def_0_3341.jpeg,1,200,c9b6174db03098878efde5d76e2b4037
<DATA_ROOT>\casting_512x512\casting_512x512\def_front\cast_def_0_335.jpeg,1,202,0c9e6c4b15c7268d915f91e3aa4f5dd0
<DATA_ROOT>\casting_512x512\casting_512x512\def_front\cast_def_0_337.jpeg,1,205,ba8a4ee23975cc5a7ecb7841e9baf996
<DATA_ROOT>\casting_512x512\casting_512x512\def_front\cast_def_0_3394.jpeg,1,206,87675ca4743d09edd25ffb65552bd88a
<DATA_ROOT>\casting_512x512\casting_512x512\def_front\cast_def_0_3403.jpeg,1,208,a6ab4907bd8f2982baaef1d6c09c462d
<DATA_ROOT>\casting_512x512\casting_512x512\def_front\cast_def_0_3434.jpeg,1,210,61936922ed7262fd98902fa152f9aa01
<DATA_ROOT>\casting_512x512\casting_512x512\def_front\cast_def_0_3454.jpeg,1,211,48775b9ed8c5969ff9f6f1895542f61f
<DATA_ROOT>\casting_512x512\casting_512x512\def_front\cast_def_0_3457.jpeg,1,212,57e3cd520526a1b7fcc097fece551621
<DATA_ROOT>\casting_512x512\casting_512x512\def_front\cast_def_0_3487.jpeg,1,215,867088c50b4a0479c008aaea13a56e91
<DATA_ROOT>\casting_512x512\casting_512x512\def_front\cast_def_0_3513.jpeg,1,217,2a0f632ceed9a3e4b82d61cc1f27223f
<DATA_ROOT>\casting_512x512\casting_512x512\def_front\cast_def_0_356.jpeg,1,219,807ec0a5044d1aca86be65792ae62620
<DATA_ROOT>\casting_512x512\casting_512x512\def_front\cast_def_0_3565.jpeg,1,220,b44bc8575a26a65a869260f1df1b5aea
<DATA_ROOT>\casting_512x512\casting_512x512\def_front\cast_def_0_3569.jpeg,1,195,0fe10d3a359228fbae7bed6de05a4470
<DATA_ROOT>\casting_512x512\casting_512x512\def_front\cast_def_0_360.jpeg,1,221,6e719ba2c46218ce75f29d1f226a82ad
<DATA_ROOT>\casting_512x512\casting_512x512\def_front\cast_def_0_361.jpeg,1,222,7cb0fa6971655f46c980bdc4de9f2fcd
<DATA_ROOT>\casting_512x512\casting_512x512\def_front\cast_def_0_3626.jpeg,1,225,6061f5f561a0b380078d45d19c66c77a
<DATA_ROOT>\casting_512x512\casting_512x512\def_front\cast_def_0_3646.jpeg,1,227,c3efd3d7adb9fb19be7a06f2946aa622
<DATA_ROOT>\casting_512x512\casting_512x512\def_front\cast_def_0_3680.jpeg,1,38,bb589b0f5ed24c110da8274a4705aa28
<DATA_ROOT>\casting_512x512\casting_512x512\def_front\cast_def_0_3691.jpeg,1,230,4184652f624b849a284dfe821e1989c0
<DATA_ROOT>\casting_512x512\casting_512x512\def_front\cast_def_0_3710.jpeg,1,233,092cb1bebca61093f2dc3fe4a30bea6a
<DATA_ROOT>\casting_512x512\casting_512x512\def_front\cast_def_0_3735.jpeg,1,234,ccb499f05d96fa8c1945d02ab7709357
<DATA_ROOT>\casting_512x512\casting_512x512\def_front\cast_def_0_3741.jpeg,1,235,0f6354ba0c3bb40c9ab88aa81c214c48
<DATA_ROOT>\casting_512x512\casting_512x512\def_front\cast_def_0_3751.jpeg,1,236,511baa96de38a3fd4a21c8ca154819d6
<DATA_ROOT>\casting_512x512\casting_512x512\def_front\cast_def_0_3756.jpeg,1,237,247a14d1d29efab5c429af80c89e812b
<DATA_ROOT>\casting_512x512\casting_512x512\def_front\cast_def_0_3796.jpeg,1,239,25a9b3b55b3ea1a94685326dfcae704c
<DATA_ROOT>\casting_512x512\casting_512x512\def_front\cast_def_0_3797.jpeg,1,240,448bec054db4992069a78f7fc614e33a
<DATA_ROOT>\casting_512x512\casting_512x512\def_front\cast_def_0_3818.jpeg,1,243,094814fee80da78491b448cf83074363
<DATA_ROOT>\casting_512x512\casting_512x512\def_front\cast_def_0_383.jpeg,1,244,626c0308d32b5e7ff1c4f50ad2c56337
<DATA_ROOT>\casting_512x512\casting_512x512\def_front\cast_def_0_3831.jpeg,1,245,6e695ffd5d78469f00f30a70eece0b41
<DATA_ROOT>\casting_512x512\casting_512x512\def_front\cast_def_0_3867.jpeg,1,248,2e3818f006c32104b600a53d82774454
<DATA_ROOT>\casting_512x512\casting_512x512\def_front\cast_def_0_3882.jpeg,1,250,bfa744058e1334d993d4fe48c58a4e76
<DATA_ROOT>\casting_512x512\casting_512x512\def_front\cast_def_0_3894.jpeg,1,251,fbb681595bcb1589f1117e289be4d696
<DATA_ROOT>\casting_512x512\casting_512x512\def_front\cast_def_0_3916.jpeg,1,252,2baf7a6d2063abaf15acb31d762ee02f
<DATA_ROOT>\casting_512x512\casting_512x512\def_front\cast_def_0_3945.jpeg,1,253,8a1a3896b5c0479b1ad4f0ad9f60c570
<DATA_ROOT>\casting_512x512\casting_512x512\def_front\cast_def_0_3949.jpeg,1,254,8166a514b7483eb855692b15d67eebe3
<DATA_ROOT>\casting_512x512\casting_512x512\def_front\cast_def_0_3978.jpeg,1,257,eb298542225e54add6856d187cd0f353
<DATA_ROOT>\casting_512x512\casting_512x512\def_front\cast_def_0_3993.jpeg,1,260,fbf6a0d4013c041131da0b8910beb4d5
<DATA_ROOT>\casting_512x512\casting_512x512\def_front\cast_def_0_4017.jpeg,1,261,8dc0e4f8899e144fe6b30d8bd2e22e87
<DATA_ROOT>\casting_512x512\casting_512x512\def_front\cast_def_0_4023.jpeg,1,262,d2d49dcbb92bf575a05785695e4a8ad4
<DATA_ROOT>\casting_512x512\casting_512x512\def_front\cast_def_0_4032.jpeg,1,265,0ea279b96234a144f5b44e17f75c4f27
<DATA_ROOT>\casting_512x512\casting_512x512\def_front\cast_def_0_4034.jpeg,1,266,7040d4be1120de9218d5b3922918db42
<DATA_ROOT>\casting_512x512\casting_512x512\def_front\cast_def_0_4093.jpeg,1,268,ea97cb6901f4dae9b02321aae5ed663b
<DATA_ROOT>\casting_512x512\casting_512x512\def_front\cast_def_0_4106.jpeg,1,269,a752b4651b699fddded4a7d7ae66b81d
<DATA_ROOT>\casting_512x512\casting_512x512\def_front\cast_def_0_4109.jpeg,1,271,ee7c16a50970ce561f257a88b0a23fca
<DATA_ROOT>\casting_512x512\casting_512x512\def_front\cast_def_0_4119.jpeg,1,272,8ec18576252964b73b3855b58baa097a
<DATA_ROOT>\casting_512x512\casting_512x512\def_front\cast_def_0_4129.jpeg,1,274,3b21506444176c001bb0208b29670ec5
<DATA_ROOT>\casting_512x512\casting_512x512\def_front\cast_def_0_4158.jpeg,1,275,d283372e48af783f37e800b5202b3702
<DATA_ROOT>\casting_512x512\casting_512x512\def_front\cast_def_0_42.jpeg,1,277,2bbfed4226e67cf1a8780c69d1f8869b
<DATA_ROOT>\casting_512x512\casting_512x512\def_front\cast_def_0_4228.jpeg,1,279,2a6ed6e0be009740108279eeaf7ebc1e
<DATA_ROOT>\casting_512x512\casting_512x512\def_front\cast_def_0_4229.jpeg,1,280,a81cb912a9e333a48ddacf53fe67cec3
<DATA_ROOT>\casting_512x512\casting_512x512\def_front\cast_def_0_4239.jpeg,1,281,0d5101eb907605842597e85f6cfef742
<DATA_ROOT>\casting_512x512\casting_512x512\def_front\cast_def_0_4264.jpeg,1,282,3d364a023f661025a8fa82f55ac1d0ed
<DATA_ROOT>\casting_512x512\casting_512x512\def_front\cast_def_0_430.jpeg,1,283,932c5782523262a36903cc2acce70744
<DATA_ROOT>\casting_512x512\casting_512x512\def_front\cast_def_0_4336.jpeg,1,284,d41bf7606a2b5b09cbd580ac42ee0b8d
<DATA_ROOT>\casting_512x512\casting_512x512\def_front\cast_def_0_4363.jpeg,1,287,3af27b540106518ba1b5ba75c1bb2983
<DATA_ROOT>\casting_512x512\casting_512x512\def_front\cast_def_0_4394.jpeg,1,289,4a06490e5c40d556f32654e01db2ce80
<DATA_ROOT>\casting_512x512\casting_512x512\def_front\cast_def_0_4407.jpeg,1,290,4a15b8b3401af72277edfdf911d973aa
<DATA_ROOT>\casting_512x512\casting_512x512\def_front\cast_def_0_4412.jpeg,1,291,19f8da5d7be3ea59110e92dde23c471f
<DATA_ROOT>\casting_512x512\casting_512x512\def_front\cast_def_0_4453.jpeg,1,292,6428670b83488bb9916bbd66f6bc100f
<DATA_ROOT>\casting_512x512\casting_512x512\def_front\cast_def_0_4459.jpeg,1,293,af7074c9ae0e5e0e357171f565cc1f9a
<DATA_ROOT>\casting_512x512\casting_512x512\def_front\cast_def_0_4484.jpeg,1,294,702a6daf9594f3502046a112d3af75bd
<DATA_ROOT>\casting_512x512\casting_512x512\def_front\cast_def_0_4501.jpeg,1,295,46e8543b4a0d3315ef1fa65ae4ebd58c
<DATA_ROOT>\casting_512x512\casting_512x512\def_front\cast_def_0_4526.jpeg,1,296,8f7ec057b233b4670a00eb4297b0d588
<DATA_ROOT>\casting_512x512\casting_512x512\def_front\cast_def_0_4568.jpeg,1,297,4715a890707e6149f4dcdca0b54e0c50
<DATA_ROOT>\casting_512x512\casting_512x512\def_front\cast_def_0_4577.jpeg,1,299,d3e47c1ec0935777eaf70273e1754eba
<DATA_ROOT>\casting_512x512\casting_512x512\def_front\cast_def_0_4583.jpeg,1,300,fabbb4e0a29564bf386decfbb5648b35
<DATA_ROOT>\casting_512x512\casting_512x512\def_front\cast_def_0_4596.jpeg,1,1,5c8c5d9a34e3a40de500bfa55499ba02
<DATA_ROOT>\casting_512x512\casting_512x512\def_front\cast_def_0_4611.jpeg,1,28,47da3c57287dcee677b97f1167907540
<DATA_ROOT>\casting_512x512\casting_512x512\def_front\cast_def_0_466.jpeg,1,306,b71fe709e44b209cfd3207bea7d62a5f
<DATA_ROOT>\casting_512x512\casting_512x512\def_front\cast_def_0_4677.jpeg,1,308,f97eac5c1de9752531aec554a0cc2581
<DATA_ROOT>\casting_512x512\casting_512x512\def_front\cast_def_0_4693.jpeg,1,311,bf0d9108efdbf0f87867200a43a39fa4
<DATA_ROOT>\casting_512x512\casting_512x512\def_front\cast_def_0_4697.jpeg,1,16,fe2d13af547a0f17d8a12aede59d0a85
<DATA_ROOT>\casting_512x512\casting_512x512\def_front\cast_def_0_4708.jpeg,1,313,f4aeff9785ccfa2572740a049e1a6fed
<DATA_ROOT>\casting_512x512\casting_512x512\def_front\cast_def_0_4748.jpeg,1,314,affcfb4f8ad53072cb9cecf9bbcdefa9
<DATA_ROOT>\casting_512x512\casting_512x512\def_front\cast_def_0_4780.jpeg,1,315,4171b2739f6a28f43ce3372c30836e20
<DATA_ROOT>\casting_512x512\casting_512x512\def_front\cast_def_0_4790.jpeg,1,317,01bebc532ae1f93ed8f10461fdb5014c
<DATA_ROOT>\casting_512x512\casting_512x512\def_front\cast_def_0_4815.jpeg,1,319,326984eae55987ecd710f9459329957b
<DATA_ROOT>\casting_512x512\casting_512x512\def_front\cast_def_0_4816.jpeg,1,320,d4ac8d2dedd832721414a99809ac77d1
<DATA_ROOT>\casting_512x512\casting_512x512\def_front\cast_def_0_4865.jpeg,1,321,e24b23618142e6e2d03eaaad7cb83cce
<DATA_ROOT>\casting_512x512\casting_512x512\def_front\cast_def_0_4903.jpeg,1,323,cde82b8854073c0dc1e4f82b40afc507
<DATA_ROOT>\casting_512x512\casting_512x512\def_front\cast_def_0_4904.jpeg,1,324,eb5dca6fd32c9844ed6e8b20ce1f4fcb
<DATA_ROOT>\casting_512x512\casting_512x512\def_front\cast_def_0_4927.jpeg,1,326,628cab84c06b85a1d6bb08816ab9e5a7
<DATA_ROOT>\casting_512x512\casting_512x512\def_front\cast_def_0_4932.jpeg,1,327,ad0eb62377a4f225ae4e024679a4c206
<DATA_ROOT>\casting_512x512\casting_512x512\def_front\cast_def_0_4933.jpeg,1,328,eb24625d76b6f2b5f602e6139ff7506c
<DATA_ROOT>\casting_512x512\casting_512x512\def_front\cast_def_0_494.jpeg,1,329,81ee8e1d0e2d67bcabf96131f1c3ac07
<DATA_ROOT>\casting_512x512\casting_512x512\def_front\cast_def_0_5001.jpeg,1,333,71bdf0b6aaefe31df3f1fa5bcc63cd00
<DATA_ROOT>\casting_512x512\casting_512x512\def_front\cast_def_0_5008.jpeg,1,336,2901288a557c65f943173449f5f3efb7
<DATA_ROOT>\casting_512x512\casting_512x512\def_front\cast_def_0_5014.jpeg,1,337,40dcc1f01bd402580add64003db82c9e
<DATA_ROOT>\casting_512x512\casting_512x512\def_front\cast_def_0_503.jpeg,1,339,fd64530cd56aec907c366710ec068044
<DATA_ROOT>\casting_512x512\casting_512x512\def_front\cast_def_0_5061.jpeg,1,341,02b2e65fab1d930fb00407651d5a1da0
<DATA_ROOT>\casting_512x512\casting_512x512\def_front\cast_def_0_5093.jpeg,1,342,d0a1ac8dbacb436f6477f8d6ee74f892
<DATA_ROOT>\casting_512x512\casting_512x512\def_front\cast_def_0_5094.jpeg,1,343,ca501860da8b50a56ba1da21d2052fdc
<DATA_ROOT>\casting_512x512\casting_512x512\def_front\cast_def_0_5119.jpeg,1,345,92293c32d14a9e639c709370a83adb7d
<DATA_ROOT>\casting_512x512\casting_512x512\def_front\cast_def_0_514.jpeg,1,347,7a466532e6622587aed9144dcd4dcb60
<DATA_ROOT>\casting_512x512\casting_512x512\def_front\cast_def_0_5142.jpeg,1,348,98ec7d1f8ab9b9b3b21c0aa92c317388
<DATA_ROOT>\casting_512x512\casting_512x512\def_front\cast_def_0_5146.jpeg,1,349,1eaee248e693d4374c5d79264f0c5175
<DATA_ROOT>\casting_512x512\casting_512x512\def_front\cast_def_0_5147.jpeg,1,350,4fc70f77710a5411d0d5a9be79da42cc
<DATA_ROOT>\casting_512x512\casting_512x512\def_front\cast_def_0_5167.jpeg,1,351,ffea9f054131d3efe60f45c3fb7b8fbd
<DATA_ROOT>\casting_512x512\casting_512x512\def_front\cast_def_0_5187.jpeg,1,353,6751ea8756816f7c780d04b23895ca7b
<DATA_ROOT>\casting_512x512\casting_512x512\def_front\cast_def_0_5190.jpeg,1,354,e59ccfeb940de8e535bc21cf91e4b77b
<DATA_ROOT>\casting_512x512\casting_512x512\def_front\cast_def_0_5214.jpeg,1,356,77a3de4a7756375958bf4146e0909274
<DATA_ROOT>\casting_512x512\casting_512x512\def_front\cast_def_0_5218.jpeg,1,357,be7b48e19b6912789ff0e9c34b8dc97f
<DATA_ROOT>\casting_512x512\casting_512x512\def_front\cast_def_0_5224.jpeg,1,359,d553f44076dec47c90fafae84e47048a
<DATA_ROOT>\casting_512x512\casting_512x512\def_front\cast_def_0_5240.jpeg,1,320,dea35a0d98f31f46fc02a0f1b51748f0
<DATA_ROOT>\casting_512x512\casting_512x512\def_front\cast_def_0_5244.jpeg,1,362,8209288bb5435b41d50c967f15adc961
<DATA_ROOT>\casting_512x512\casting_512x512\def_front\cast_def_0_5267.jpeg,1,363,e4ac433523fa5867227c36410eab8a90
<DATA_ROOT>\casting_512x512\casting_512x512\def_front\cast_def_0_5302.jpeg,1,365,2c312f5fad9f61dfe1368b5a96cd179c
<DATA_ROOT>\casting_512x512\casting_512x512\def_front\cast_def_0_5311.jpeg,1,366,c30ebdd386916ff263c1bd7372146a32
<DATA_ROOT>\casting_512x512\casting_512x512\def_front\cast_def_0_5317.jpeg,1,367,7f6bf4d032d63fb539b8f2735c1979de
<DATA_ROOT>\casting_512x512\casting_512x512\def_front\cast_def_0_5322.jpeg,1,368,5804c9847ceb030b1124afa3ed1282e7
<DATA_ROOT>\casting_512x512\casting_512x512\def_front\cast_def_0_5334.jpeg,1,370,ef070110f678c8f6256240e1d1a4e3e2
<DATA_ROOT>\casting_512x512\casting_512x512\def_front\cast_def_0_5336.jpeg,1,371,44349b60f2c555658e915a660c5cea84
<DATA_ROOT>\casting_512x512\casting_512x512\def_front\cast_def_0_5339.jpeg,1,372,525d6304c66ff9ed04c93d0a71999828
<DATA_ROOT>\casting_512x512\casting_512x512\def_front\cast_def_0_5362.jpeg,1,374,8da53576985924845334c2d5333cef9c
<DATA_ROOT>\casting_512x512\casting_512x512\def_front\cast_def_0_5369.jpeg,1,376,60c1c012ec82383ac7e663b4fd303bbd
<DATA_ROOT>\casting_512x512\casting_512x512\def_front\cast_def_0_5374.jpeg,1,377,cdd527ce2af8441105e7c0688106689f
<DATA_ROOT>\casting_512x512\casting_512x512\def_front\cast_def_0_5421.jpeg,1,113,bd1d3da108e874c708a2fd16a974bf92
<DATA_ROOT>\casting_512x512\casting_512x512\def_front\cast_def_0_543.jpeg,1,378,3d6e61af7c6e50316aad871b8af0f1b3
<DATA_ROOT>\casting_512x512\casting_512x512\def_front\cast_def_0_5430.jpeg,1,379,086d26e561ef5bca278418cab1e6505b
<DATA_ROOT>\casting_512x512\casting_512x512\def_front\cast_def_0_5470.jpeg,1,381,73080ebd863d9d38eddefba3c950abdc
<DATA_ROOT>\casting_512x512\casting_512x512\def_front\cast_def_0_5524.jpeg,1,383,ee7c709c0374d96c4b61af5c8be541a6
<DATA_ROOT>\casting_512x512\casting_512x512\def_front\cast_def_0_5530.jpeg,1,384,891a0ec1a4ac7d36c89b7966cecc04fe
<DATA_ROOT>\casting_512x512\casting_512x512\def_front\cast_def_0_5532.jpeg,1,385,66faffc26565d57c4ffb08731f952a00
<DATA_ROOT>\casting_512x512\casting_512x512\def_front\cast_def_0_5545.jpeg,1,386,f99169e680cd271e462764ed2b0c16ed
<DATA_ROOT>\casting_512x512\casting_512x512\def_front\cast_def_0_556.jpeg,1,387,e7eb248089881f92c03944f099bd4c76
<DATA_ROOT>\casting_512x512\casting_512x512\def_front\cast_def_0_5569.jpeg,1,388,78b43ea7467df4d0eaa3c13373ca64e7
<DATA_ROOT>\casting_512x512\casting_512x512\def_front\cast_def_0_5571.jpeg,1,389,af0a291e5f4ad5b4999be1642bc1b400
<DATA_ROOT>\casting_512x512\casting_512x512\def_front\cast_def_0_5572.jpeg,1,390,592006e0f5ebf65db2bdf75af35a6d86
<DATA_ROOT>\casting_512x512\casting_512x512\def_front\cast_def_0_5628.jpeg,1,392,ab5e99f45da2233aa7ff0f9aa3257226
<DATA_ROOT>\casting_512x512\casting_512x512\def_front\cast_def_0_5640.jpeg,1,393,f987270bb0a84344c324ded12c96aa87
<DATA_ROOT>\casting_512x512\casting_512x512\def_front\cast_def_0_5696.jpeg,1,396,747b8de7c6850d3e101f32646ff79616
<DATA_ROOT>\casting_512x512\casting_512x512\def_front\cast_def_0_5700.jpeg,1,397,5751745e11689d451908accb5346d195
<DATA_ROOT>\casting_512x512\casting_512x512\def_front\cast_def_0_5707.jpeg,1,398,2e566ae0dfa14596c40a6b5e6c5408b7
<DATA_ROOT>\casting_512x512\casting_512x512\def_front\cast_def_0_5712.jpeg,1,400,7e8d921070d73d8a3d9c4a1fc10b8866
<DATA_ROOT>\casting_512x512\casting_512x512\def_front\cast_def_0_5759.jpeg,1,401,945634131739c45c2584777a014c102b
<DATA_ROOT>\casting_512x512\casting_512x512\def_front\cast_def_0_5767.jpeg,1,402,e9d9850f1bddbf69a07a5259ff87b751
<DATA_ROOT>\casting_512x512\casting_512x512\def_front\cast_def_0_5768.jpeg,1,403,ae73db44cebc0d509b405acd77f0e0fb
<DATA_ROOT>\casting_512x512\casting_512x512\def_front\cast_def_0_5809.jpeg,1,404,30d0a62d6a429a8b76c9c6ad1784b4fa
<DATA_ROOT>\casting_512x512\casting_512x512\def_front\cast_def_0_583.jpeg,1,405,61d0334b5c4a9203c3a657a68729b94f
<DATA_ROOT>\casting_512x512\casting_512x512\def_front\cast_def_0_5838.jpeg,1,406,a8bc5a96c5133e4bf19f4f1e3540c517
<DATA_ROOT>\casting_512x512\casting_512x512\def_front\cast_def_0_5842.jpeg,1,407,1971b2c4d3de2995be4742469116fac6
<DATA_ROOT>\casting_512x512\casting_512x512\def_front\cast_def_0_5863.jpeg,1,409,8169b8282542ced8e1203b64f2e25675
<DATA_ROOT>\casting_512x512\casting_512x512\def_front\cast_def_0_5867.jpeg,1,410,b5087678c00ad500b63b3c3a18944477
<DATA_ROOT>\casting_512x512\casting_512x512\def_front\cast_def_0_588.jpeg,1,411,0811d6da2534075981f58a03a5d74665
<DATA_ROOT>\casting_512x512\casting_512x512\def_front\cast_def_0_5892.jpeg,1,412,93ddfa1be3556e6352552b1e43ce2fa9
<DATA_ROOT>\casting_512x512\casting_512x512\def_front\cast_def_0_5933.jpeg,1,415,e613b8f083adb9c27834d84abdf1c2a4
<DATA_ROOT>\casting_512x512\casting_512x512\def_front\cast_def_0_5954.jpeg,1,416,9486532c658ee8ab12f4bd9ae3d9c448
<DATA_ROOT>\casting_512x512\casting_512x512\def_front\cast_def_0_5992.jpeg,1,419,08144d376b0a20e7583e530154128111
<DATA_ROOT>\casting_512x512\casting_512x512\def_front\cast_def_0_6011.jpeg,1,421,6a7d5a3cea818303acdcb8f4df5fd843
<DATA_ROOT>\casting_512x512\casting_512x512\def_front\cast_def_0_602.jpeg,1,422,b1cab2ba061724cf146578a4b7e9e798
<DATA_ROOT>\casting_512x512\casting_512x512\def_front\cast_def_0_6023.jpeg,1,423,a9e4722b584569b14b841c46ef04ea95
<DATA_ROOT>\casting_512x512\casting_512x512\def_front\cast_def_0_6035.jpeg,1,424,431578728c2e23d634ae05e08aa994e0
<DATA_ROOT>\casting_512x512\casting_512x512\def_front\cast_def_0_6044.jpeg,1,426,e4ada236405881c05b0948992a2a9f4e
<DATA_ROOT>\casting_512x512\casting_512x512\def_front\cast_def_0_6062.jpeg,1,427,eb03b483ae745b743fa1a315369fc7d3
<DATA_ROOT>\casting_512x512\casting_512x512\def_front\cast_def_0_608.jpeg,1,428,6db2f1002683e083b29a85ad4759239d
<DATA_ROOT>\casting_512x512\casting_512x512\def_front\cast_def_0_6123.jpeg,1,430,02854046a21d6c0e7557167e2406d5e9
<DATA_ROOT>\casting_512x512\casting_512x512\def_front\cast_def_0_6154.jpeg,1,431,aa3d2a01bd92772c1c6238d9bd4794cd
<DATA_ROOT>\casting_512x512\casting_512x512\def_front\cast_def_0_6173.jpeg,1,432,f515ea7931353ad700dfc22772cde671
<DATA_ROOT>\casting_512x512\casting_512x512\def_front\cast_def_0_6184.jpeg,1,433,91e72acce1d042adf9d235d3bab99f16
<DATA_ROOT>\casting_512x512\casting_512x512\def_front\cast_def_0_6232.jpeg,1,436,61e503c9fee2a7844efa25aeb810eb36
<DATA_ROOT>\casting_512x512\casting_512x512\def_front\cast_def_0_6239.jpeg,1,438,dfb80578e698079be426e206bb6b1c87
<DATA_ROOT>\casting_512x512\casting_512x512\def_front\cast_def_0_6247.jpeg,1,441,fac6234f8aae91fc882fff88a234cb25
<DATA_ROOT>\casting_512x512\casting_512x512\def_front\cast_def_0_6259.jpeg,1,442,cc4f87a92a2d337913b129c537f309cf
<DATA_ROOT>\casting_512x512\casting_512x512\def_front\cast_def_0_6272.jpeg,1,443,0a44ef8c529716bc063677dab1c10f91
<DATA_ROOT>\casting_512x512\casting_512x512\def_front\cast_def_0_6296.jpeg,1,444,46ac61af43de97a0b0d8f71adb24ac47
<DATA_ROOT>\casting_512x512\casting_512x512\def_front\cast_def_0_6298.jpeg,1,445,9b9140b7d4cc505d33ba73a0a33b78e9
<DATA_ROOT>\casting_512x512\casting_512x512\def_front\cast_def_0_637.jpeg,1,448,8fbad9aa16c5d73a54c194e07ef28158
<DATA_ROOT>\casting_512x512\casting_512x512\def_front\cast_def_0_6406.jpeg,1,449,ce1b9a72bf867f2eda46d49248673d54
<DATA_ROOT>\casting_512x512\casting_512x512\def_front\cast_def_0_6417.jpeg,1,450,ffc2581e05beb11f0544cd6e812de4b7
<DATA_ROOT>\casting_512x512\casting_512x512\def_front\cast_def_0_6454.jpeg,1,452,1d2d05666812da4b8470c3bc8b3f0013
<DATA_ROOT>\casting_512x512\casting_512x512\def_front\cast_def_0_6483.jpeg,1,454,3290d13feca6d7d13d5d7891f3e484aa
<DATA_ROOT>\casting_512x512\casting_512x512\def_front\cast_def_0_649.jpeg,1,455,e54679da1d1ac1aa71f29e4aff33bc9b
<DATA_ROOT>\casting_512x512\casting_512x512\def_front\cast_def_0_6526.jpeg,1,457,3704128bf6814eff33a93d6249751135
<DATA_ROOT>\casting_512x512\casting_512x512\def_front\cast_def_0_6531.jpeg,1,458,9985da06ad7f07e80c0f15833c786494
<DATA_ROOT>\casting_512x512\casting_512x512\def_front\cast_def_0_6538.jpeg,1,460,6ed80de585b8abff98a93f9bbf2104d1
<DATA_ROOT>\casting_512x512\casting_512x512\def_front\cast_def_0_6563.jpeg,1,461,32a206a325aff3ddd55e4477475665ac
<DATA_ROOT>\casting_512x512\casting_512x512\def_front\cast_def_0_6564.jpeg,1,462,c09a57c97c651aa6ec93d1ae7b7d8868
<DATA_ROOT>\casting_512x512\casting_512x512\def_front\cast_def_0_6582.jpeg,1,463,de162111ed62ca78fb41373f7a705894
<DATA_ROOT>\casting_512x512\casting_512x512\def_front\cast_def_0_6610.jpeg,1,464,e9a4e597a3c70ed4c8b41e406bd4b4a8
<DATA_ROOT>\casting_512x512\casting_512x512\def_front\cast_def_0_6641.jpeg,1,465,71f903dd605ff2829d2efa5b8ecfed25
<DATA_ROOT>\casting_512x512\casting_512x512\def_front\cast_def_0_6658.jpeg,1,466,16817581913702429cdc77a00d33294d
<DATA_ROOT>\casting_512x512\casting_512x512\def_front\cast_def_0_6662.jpeg,1,467,e502d55ab57731cff2c452003c2f135c
<DATA_ROOT>\casting_512x512\casting_512x512\def_front\cast_def_0_6687.jpeg,1,469,7382956765cbf5136d649c3208e6e8fc
<DATA_ROOT>\casting_512x512\casting_512x512\def_front\cast_def_0_6724.jpeg,1,470,8a1d2324bc08ab50a590aee79c657b90
<DATA_ROOT>\casting_512x512\casting_512x512\def_front\cast_def_0_6738.jpeg,1,471,0e91fc563603305b6eac62374ccd9400
<DATA_ROOT>\casting_512x512\casting_512x512\def_front\cast_def_0_6797.jpeg,1,473,d2bc88d1b40cc4ad73866d6c4aae4f33
<DATA_ROOT>\casting_512x512\casting_512x512\def_front\cast_def_0_6836.jpeg,1,227,52d40190744c383245352e5353aabbe8
<DATA_ROOT>\casting_512x512\casting_512x512\def_front\cast_def_0_6837.jpeg,1,475,ade77a31b838839a5d995809478c853d
<DATA_ROOT>\casting_512x512\casting_512x512\def_front\cast_def_0_6855.jpeg,1,477,0ddeec0ec4576ce435865c3bae51b39f
<DATA_ROOT>\casting_512x512\casting_512x512\def_front\cast_def_0_6860.jpeg,1,478,fcf6b6733ec030dd8d63743690e60302
<DATA_ROOT>\casting_512x512\casting_512x512\def_front\cast_def_0_6863.jpeg,1,479,4c909721a9ce3b13e3056036d3d6039d
<DATA_ROOT>\casting_512x512\casting_512x512\def_front\cast_def_0_6867.jpeg,1,480,60d15ecc03dc0fb0fb83a8ae38ad8980
<DATA_ROOT>\casting_512x512\casting_512x512\def_front\cast_def_0_6869.jpeg,1,481,508f9075443a8563312b178f368a5c4a
<DATA_ROOT>\casting_512x512\casting_512x512\def_front\cast_def_0_6874.jpeg,1,482,94142d1842d05757293ce3d31be69cc0
<DATA_ROOT>\casting_512x512\casting_512x512\def_front\cast_def_0_688.jpeg,1,483,a95f485ffb2ca2b3c45714a747cdc80c
<DATA_ROOT>\casting_512x512\casting_512x512\def_front\cast_def_0_6884.jpeg,1,484,e7107d0c30df7751747cc6da2bf7fbc9
<DATA_ROOT>\casting_512x512\casting_512x512\def_front\cast_def_0_6929.jpeg,1,487,8fb7c96dafdaeb3e58b03af17eed0e5c
<DATA_ROOT>\casting_512x512\casting_512x512\def_front\cast_def_0_6955.jpeg,1,488,e084ed6cd640aeac3ec395300cb3e4d5
<DATA_ROOT>\casting_512x512\casting_512x512\def_front\cast_def_0_6959.jpeg,1,489,0b7946119677518cfe2b1ddfb758d4b9
<DATA_ROOT>\casting_512x512\casting_512x512\def_front\cast_def_0_702.jpeg,1,491,76c6a3b9561fc40aae854b592b5a52e4
<DATA_ROOT>\casting_512x512\casting_512x512\def_front\cast_def_0_7039.jpeg,1,492,eb7c58c22b73224c9f49963c3abf3c09
<DATA_ROOT>\casting_512x512\casting_512x512\def_front\cast_def_0_7040.jpeg,1,493,705de83dfdd76cb8ab877e0bfd2936eb
<DATA_ROOT>\casting_512x512\casting_512x512\def_front\cast_def_0_7051.jpeg,1,494,928fc045656bd7ec149ac25c671b39f0
<DATA_ROOT>\casting_512x512\casting_512x512\def_front\cast_def_0_7056.jpeg,1,495,d862bb292ea36fb7d6da7a0ebec88359
<DATA_ROOT>\casting_512x512\casting_512x512\def_front\cast_def_0_7074.jpeg,1,496,bc0bd6b9f6b770427430ae04f421e214
<DATA_ROOT>\casting_512x512\casting_512x512\def_front\cast_def_0_7086.jpeg,1,499,8e3430ab44d11c37a0bc6760f533e48c
<DATA_ROOT>\casting_512x512\casting_512x512\def_front\cast_def_0_7110.jpeg,1,299,c01f9c81070ca09d7439138856973f76
<DATA_ROOT>\casting_512x512\casting_512x512\def_front\cast_def_0_7113.jpeg,1,500,64159ba120ab94cd9594ea8bfd5ee0c7
<DATA_ROOT>\casting_512x512\casting_512x512\def_front\cast_def_0_7126.jpeg,1,502,36f43f27c3d12c79b00940f2c574eca5
<DATA_ROOT>\casting_512x512\casting_512x512\def_front\cast_def_0_7142.jpeg,1,503,f56cdddcc7cb68754c8888bf7c19b362
<DATA_ROOT>\casting_512x512\casting_512x512\def_front\cast_def_0_7183.jpeg,1,506,e2e49a0969c167835fe6d6f889d1f255
<DATA_ROOT>\casting_512x512\casting_512x512\def_front\cast_def_0_7198.jpeg,1,507,3e7113b2c454d37a0c873f203d7f67f8
<DATA_ROOT>\casting_512x512\casting_512x512\def_front\cast_def_0_7215.jpeg,1,508,3352df7b5ab23e5407f758cc24065320
<DATA_ROOT>\casting_512x512\casting_512x512\def_front\cast_def_0_7216.jpeg,1,509,4b17d4aded8d140edb9286f7eca0c265
<DATA_ROOT>\casting_512x512\casting_512x512\def_front\cast_def_0_7217.jpeg,1,510,83938ca0b8f70adde4327aab7d3d21ca
<DATA_ROOT>\casting_512x512\casting_512x512\def_front\cast_def_0_7230.jpeg,1,511,521a1b9e77d6ac5fd83b77971bcd6233
<DATA_ROOT>\casting_512x512\casting_512x512\def_front\cast_def_0_7248.jpeg,1,514,21095393a8abc28b27ed5397b73c1ac8
<DATA_ROOT>\casting_512x512\casting_512x512\def_front\cast_def_0_7264.jpeg,1,515,765a49bd6b746e383f08537e20b2ae89
<DATA_ROOT>\casting_512x512\casting_512x512\def_front\cast_def_0_7275.jpeg,1,516,069f3911f9d0ee758850e5b368d39cd9
<DATA_ROOT>\casting_512x512\casting_512x512\def_front\cast_def_0_7295.jpeg,1,517,950c78f3a73590de1862d26106155426
<DATA_ROOT>\casting_512x512\casting_512x512\def_front\cast_def_0_7315.jpeg,1,518,327b30b80931e253e9c676b839f38bce
<DATA_ROOT>\casting_512x512\casting_512x512\def_front\cast_def_0_7324.jpeg,1,519,c7bc76d5a03d485f6b3b8190af35cd1d
<DATA_ROOT>\casting_512x512\casting_512x512\def_front\cast_def_0_7326.jpeg,1,520,8ceef7714b64f0edb2be151f4d46cadf
<DATA_ROOT>\casting_512x512\casting_512x512\def_front\cast_def_0_7336.jpeg,1,521,26ee6428ae0de0a88f148be0afb0636d
<DATA_ROOT>\casting_512x512\casting_512x512\def_front\cast_def_0_7338.jpeg,1,522,525a2f602a6cfb9ae43b815f0b7476a4
<DATA_ROOT>\casting_512x512\casting_512x512\def_front\cast_def_0_737.jpeg,1,525,2410f0c27ef8dada04102389c4331421
<DATA_ROOT>\casting_512x512\casting_512x512\def_front\cast_def_0_7381.jpeg,1,526,b415821b860c83fe6213dd59eb79e721
<DATA_ROOT>\casting_512x512\casting_512x512\def_front\cast_def_0_7420.jpeg,1,530,8725dbd969aaf05dfa7b9aecbb4e3d1b
<DATA_ROOT>\casting_512x512\casting_512x512\def_front\cast_def_0_7446.jpeg,1,533,13ae3be1bcf238ea02da7b2733b9c9d2
<DATA_ROOT>\casting_512x512\casting_512x512\def_front\cast_def_0_7455.jpeg,1,534,ad78231440d7f34d8ea42edef9022985
<DATA_ROOT>\casting_512x512\casting_512x512\def_front\cast_def_0_7467.jpeg,1,536,18e4d5b5e9ae0a76323e3f8e0736c73f
<DATA_ROOT>\casting_512x512\casting_512x512\def_front\cast_def_0_7468.jpeg,1,537,2aaca3a860638b4671c69c0cd37471b5
<DATA_ROOT>\casting_512x512\casting_512x512\def_front\cast_def_0_7474.jpeg,1,538,cfa8f354627fe92647f5d5feaadf70fd
<DATA_ROOT>\casting_512x512\casting_512x512\def_front\cast_def_0_7483.jpeg,1,539,cdcb1b6db0aad8cee77b93c4755f1745
<DATA_ROOT>\casting_512x512\casting_512x512\def_front\cast_def_0_7503.jpeg,1,541,5ee14817813b78402435b23b7e5bb14d
<DATA_ROOT>\casting_512x512\casting_512x512\def_front\cast_def_0_7510.jpeg,1,38,7404529e7142e67def4f271f59c6d4ac
<DATA_ROOT>\casting_512x512\casting_512x512\def_front\cast_def_0_7520.jpeg,1,542,8a66d77d8ed2812e4c435a8b28418f21
<DATA_ROOT>\casting_512x512\casting_512x512\def_front\cast_def_0_7521.jpeg,1,543,3291ced4ad7d6430ec587672001cb87e
<DATA_ROOT>\casting_512x512\casting_512x512\def_front\cast_def_0_7538.jpeg,1,544,40064d30e31e527fa751da5ae999fa74
<DATA_ROOT>\casting_512x512\casting_512x512\def_front\cast_def_0_7540.jpeg,1,545,3cfa88206f72344e9b8d4265363d03dc
<DATA_ROOT>\casting_512x512\casting_512x512\def_front\cast_def_0_7549.jpeg,1,546,a111878d809608bf7248b2080abb4159
<DATA_ROOT>\casting_512x512\casting_512x512\def_front\cast_def_0_7553.jpeg,1,547,515f4c4616afe36a291db7f8a567b61c
<DATA_ROOT>\casting_512x512\casting_512x512\def_front\cast_def_0_7554.jpeg,1,548,07004e098d9e9cdf8f59f8d40573b9da
<DATA_ROOT>\casting_512x512\casting_512x512\def_front\cast_def_0_7556.jpeg,1,549,aea59002b1366446f9dd4f52776903c2
<DATA_ROOT>\casting_512x512\casting_512x512\def_front\cast_def_0_7576.jpeg,1,550,c799c58f143156a25c5933434a277f51
<DATA_ROOT>\casting_512x512\casting_512x512\def_front\cast_def_0_7593.jpeg,1,551,8c8812cd496395f407672eb39a16bf22
<DATA_ROOT>\casting_512x512\casting_512x512\def_front\cast_def_0_7599.jpeg,1,553,893ed1cc7faba1601be8645a08fd55e2
<DATA_ROOT>\casting_512x512\casting_512x512\def_front\cast_def_0_7601.jpeg,1,554,2030bd35a53c29781466aa197e856d05
<DATA_ROOT>\casting_512x512\casting_512x512\def_front\cast_def_0_7636.jpeg,1,555,11bbc45abaaf582129e4d8d6591367ca
<DATA_ROOT>\casting_512x512\casting_512x512\def_front\cast_def_0_767.jpeg,1,557,2b3990d6e71b37dc4d09f83d0caac156
<DATA_ROOT>\casting_512x512\casting_512x512\def_front\cast_def_0_7684.jpeg,1,558,1f8f0412016fdf5fa6b7ddfc166fc514
<DATA_ROOT>\casting_512x512\casting_512x512\def_front\cast_def_0_7698.jpeg,1,560,c60e116af64e0a7acf48eab39b568b01
<DATA_ROOT>\casting_512x512\casting_512x512\def_front\cast_def_0_7722.jpeg,1,561,e71cbadac99530c237f2a065d8965ef3
<DATA_ROOT>\casting_512x512\casting_512x512\def_front\cast_def_0_7724.jpeg,1,562,9d3b0187984118a0871f575eca711c90
<DATA_ROOT>\casting_512x512\casting_512x512\def_front\cast_def_0_773.jpeg,1,563,dfd3e193a00c0786f18bdacfef4bc300
<DATA_ROOT>\casting_512x512\casting_512x512\def_front\cast_def_0_7736.jpeg,1,564,34ccb17cd0424bf0f8acfd2626daa9f9
<DATA_ROOT>\casting_512x512\casting_512x512\def_front\cast_def_0_7750.jpeg,1,566,d58ff471bee228547f208fcc72b5ed46
<DATA_ROOT>\casting_512x512\casting_512x512\def_front\cast_def_0_7792.jpeg,1,569,720bc6e04ac89265c9bb768e29d68ce1
<DATA_ROOT>\casting_512x512\casting_512x512\def_front\cast_def_0_7793.jpeg,1,570,83c8e2ea808228547652542630b72229
<DATA_ROOT>\casting_512x512\casting_512x512\def_front\cast_def_0_7794.jpeg,1,571,c93f7e728ed1c7fee90712fcafdbf027
<DATA_ROOT>\casting_512x512\casting_512x512\def_front\cast_def_0_781.jpeg,1,573,03cae4dac07bfef70019552b7368904c
<DATA_ROOT>\casting_512x512\casting_512x512\def_front\cast_def_0_7837.jpeg,1,574,dc64e6bb2a165d883000a615f0e0279a
<DATA_ROOT>\casting_512x512\casting_512x512\def_front\cast_def_0_7844.jpeg,1,575,9d4f455580fadeeb98ddd641178f925d
<DATA_ROOT>\casting_512x512\casting_512x512\def_front\cast_def_0_7847.jpeg,1,576,15076d371fd06c97f20d503e6ab68c9e
<DATA_ROOT>\casting_512x512\casting_512x512\def_front\cast_def_0_786.jpeg,1,577,62c1535c8c3f58bbe43970303360c248
<DATA_ROOT>\casting_512x512\casting_512x512\def_front\cast_def_0_7892.jpeg,1,578,d5eac23e455bb246eaccdcab3f2fece2
<DATA_ROOT>\casting_512x512\casting_512x512\def_front\cast_def_0_79.jpeg,1,579,04362509782ca6deff8e9667225257f8
<DATA_ROOT>\casting_512x512\casting_512x512\def_front\cast_def_0_7905.jpeg,1,580,015d74ee149b28889c80cbec65fb9376
<DATA_ROOT>\casting_512x512\casting_512x512\def_front\cast_def_0_7923.jpeg,1,582,38ad5d07263e2185ce49764f0fda2f65
<DATA_ROOT>\casting_512x512\casting_512x512\def_front\cast_def_0_7924.jpeg,1,583,f2d7c87f2b51cadc8a681d18b70fa581
<DATA_ROOT>\casting_512x512\casting_512x512\def_front\cast_def_0_7933.jpeg,1,584,fa4594c64b586969fc540ce6d343973e
<DATA_ROOT>\casting_512x512\casting_512x512\def_front\cast_def_0_7982.jpeg,1,586,fe0b730ae2ead53bab82c34b93a4ddad
<DATA_ROOT>\casting_512x512\casting_512x512\def_front\cast_def_0_7994.jpeg,1,588,3597ca75693bd3dca58441b032d6ef09
<DATA_ROOT>\casting_512x512\casting_512x512\def_front\cast_def_0_7996.jpeg,1,589,2e3669cc825245a10f80e85ecd46ff27
<DATA_ROOT>\casting_512x512\casting_512x512\def_front\cast_def_0_7998.jpeg,1,590,6a202f41edbf19f4bcec85ade3509053
<DATA_ROOT>\casting_512x512\casting_512x512\def_front\cast_def_0_8045.jpeg,1,92,f9a939573907fe542699c1346c8a4d09
<DATA_ROOT>\casting_512x512\casting_512x512\def_front\cast_def_0_8049.jpeg,1,592,e54bb7a3192aa902aafdd5df6b7495f4
<DATA_ROOT>\casting_512x512\casting_512x512\def_front\cast_def_0_8067.jpeg,1,593,4aa066bae2b1bcf6a5008e9434e4d355
<DATA_ROOT>\casting_512x512\casting_512x512\def_front\cast_def_0_808.jpeg,1,594,3700107b8d9d2b26c01bcafd1ba4ac54
<DATA_ROOT>\casting_512x512\casting_512x512\def_front\cast_def_0_8101.jpeg,1,198,e63f526c776b94849d47a7b25bbec166
<DATA_ROOT>\casting_512x512\casting_512x512\def_front\cast_def_0_811.jpeg,1,595,fdaf9fde864ca89cbc4ebf0ae1b91f29
<DATA_ROOT>\casting_512x512\casting_512x512\def_front\cast_def_0_8112.jpeg,1,596,bfdf36f0db7798956dd2426aedb88c44
<DATA_ROOT>\casting_512x512\casting_512x512\def_front\cast_def_0_8114.jpeg,1,597,74a81e190963dd9286327e18e08fcd24
<DATA_ROOT>\casting_512x512\casting_512x512\def_front\cast_def_0_8121.jpeg,1,599,5e004d61b9cc3b51860e76338504738f
<DATA_ROOT>\casting_512x512\casting_512x512\def_front\cast_def_0_8129.jpeg,1,236,cee42b64183cf191e01400b7dd051136
<DATA_ROOT>\casting_512x512\casting_512x512\def_front\cast_def_0_8149.jpeg,1,602,3b8314d769aee9a482669d472dbc2e67
<DATA_ROOT>\casting_512x512\casting_512x512\def_front\cast_def_0_8152.jpeg,1,603,e52bfcd0fbc50ce1802338335d1e7a04
<DATA_ROOT>\casting_512x512\casting_512x512\def_front\cast_def_0_8170.jpeg,1,604,6e2797aa9b826823ed2df647b30587e3
<DATA_ROOT>\casting_512x512\casting_512x512\def_front\cast_def_0_8213.jpeg,1,606,c5e16a09fa551ed616b09f400c6554cc
<DATA_ROOT>\casting_512x512\casting_512x512\def_front\cast_def_0_8220.jpeg,1,607,9bbeddce7ddd701eb80b808afaad5e41
<DATA_ROOT>\casting_512x512\casting_512x512\def_front\cast_def_0_8227.jpeg,1,608,f02404c689308d42b518493b8c60223a
<DATA_ROOT>\casting_512x512\casting_512x512\def_front\cast_def_0_8239.jpeg,1,610,92b854901757d3f166eaccd7f13ffc67
<DATA_ROOT>\casting_512x512\casting_512x512\def_front\cast_def_0_8278.jpeg,1,611,89541a558dbf5016f3bde54f407d8bda
<DATA_ROOT>\casting_512x512\casting_512x512\def_front\cast_def_0_8288.jpeg,1,612,ec575c1e1415546f0423ee1fd8148ce3
<DATA_ROOT>\casting_512x512\casting_512x512\def_front\cast_def_0_8314.jpeg,1,614,47f30118404a87f9f57cd9cc763b6752
<DATA_ROOT>\casting_512x512\casting_512x512\def_front\cast_def_0_833.jpeg,1,616,716ffa20dd8239f9f9b384ed84f0eb01
<DATA_ROOT>\casting_512x512\casting_512x512\def_front\cast_def_0_8348.jpeg,1,618,9a11eaf0b0eab9aca54c3518746cf0fc
<DATA_ROOT>\casting_512x512\casting_512x512\def_front\cast_def_0_839.jpeg,1,619,9cd591cded6caefaf058ac6b0b8a4db9
<DATA_ROOT>\casting_512x512\casting_512x512\def_front\cast_def_0_8396.jpeg,1,620,9f150a7b57c6f42af9683ea5ed0e72b6
<DATA_ROOT>\casting_512x512\casting_512x512\def_front\cast_def_0_8405.jpeg,1,621,ded558665d0757d12f4e914990ddc474
<DATA_ROOT>\casting_512x512\casting_512x512\def_front\cast_def_0_8408.jpeg,1,622,93a4b281af43239683faf4f89f5b9fb6
<DATA_ROOT>\casting_512x512\casting_512x512\def_front\cast_def_0_8415.jpeg,1,623,56019b90765eed6006c5e553dd5f9977
<DATA_ROOT>\casting_512x512\casting_512x512\def_front\cast_def_0_8451.jpeg,1,626,a8c0319c2169fb55cb5c504719e47ad1
<DATA_ROOT>\casting_512x512\casting_512x512\def_front\cast_def_0_8486.jpeg,1,628,83c8dc4f3b9f0a4d90cab9bd19294f54
<DATA_ROOT>\casting_512x512\casting_512x512\def_front\cast_def_0_852.jpeg,1,631,2c1f2985efcf0c59beacc3c06f0b1840
<DATA_ROOT>\casting_512x512\casting_512x512\def_front\cast_def_0_854.jpeg,1,633,152266abac7ba1e2d7a0571ecc380843
<DATA_ROOT>\casting_512x512\casting_512x512\def_front\cast_def_0_8596.jpeg,1,636,d75c8b3982a8bd860c3ac3bf50f76e6c
<DATA_ROOT>\casting_512x512\casting_512x512\def_front\cast_def_0_8615.jpeg,1,637,16eba86b650fea03388b2af912754b70
<DATA_ROOT>\casting_512x512\casting_512x512\def_front\cast_def_0_8639.jpeg,1,640,eef9a9f4828678fd8d1b25e99e482ff1
<DATA_ROOT>\casting_512x512\casting_512x512\def_front\cast_def_0_8646.jpeg,1,641,78eda7989af4c05122ca9763ff73730c
<DATA_ROOT>\casting_512x512\casting_512x512\def_front\cast_def_0_8668.jpeg,1,643,3415e6c335ef489f20d4788187061f3f
<DATA_ROOT>\casting_512x512\casting_512x512\def_front\cast_def_0_8675.jpeg,1,370,26fa2cb0db45e6d1dc4b41db03a754fe
<DATA_ROOT>\casting_512x512\casting_512x512\def_front\cast_def_0_8687.jpeg,1,644,173ce2da2fc27c594ac5c5b6624d61d2
<DATA_ROOT>\casting_512x512\casting_512x512\def_front\cast_def_0_8709.jpeg,1,647,4db3f54c6419c94ae3dc5d3672d826fb
<DATA_ROOT>\casting_512x512\casting_512x512\def_front\cast_def_0_8711.jpeg,1,648,c59861355f061a9527b4dfbefafcf359
<DATA_ROOT>\casting_512x512\casting_512x512\def_front\cast_def_0_8719.jpeg,1,649,7d6940e8f337729c33d4e283217dedaf
<DATA_ROOT>\casting_512x512\casting_512x512\def_front\cast_def_0_8720.jpeg,1,650,1b64cdd32b45f7f3ef2576d3e93f8f86
<DATA_ROOT>\casting_512x512\casting_512x512\def_front\cast_def_0_8722.jpeg,1,651,e260b9d691e2762dcd3631703ff7fa2c
<DATA_ROOT>\casting_512x512\casting_512x512\def_front\cast_def_0_8742.jpeg,1,652,dec82cffc45b0d46157ba91c6625eb50
<DATA_ROOT>\casting_512x512\casting_512x512\def_front\cast_def_0_8756.jpeg,1,653,550ac2135d4aae9c00ffaeb75a702c61
<DATA_ROOT>\casting_512x512\casting_512x512\def_front\cast_def_0_8764.jpeg,1,178,8b77d6b2a866d81076d154af219e424a
<DATA_ROOT>\casting_512x512\casting_512x512\def_front\cast_def_0_8766.jpeg,1,654,d8272995b757bee0e1d686f8bebae591
<DATA_ROOT>\casting_512x512\casting_512x512\def_front\cast_def_0_8789.jpeg,1,656,d94948cf0a48dd70f50c19c736af8389
<DATA_ROOT>\casting_512x512\casting_512x512\def_front\cast_def_0_880.jpeg,1,657,44ec825a096d13b72ebd001e4f1d9f2b
<DATA_ROOT>\casting_512x512\casting_512x512\def_front\cast_def_0_8813.jpeg,1,658,05cc7d8e3df9c4564f650239e6c45984
<DATA_ROOT>\casting_512x512\casting_512x512\def_front\cast_def_0_8822.jpeg,1,660,aaf6b8e30950d64bc398774dce6260b8
<DATA_ROOT>\casting_512x512\casting_512x512\def_front\cast_def_0_8844.jpeg,1,217,9391b2dcb42d3db88d670ffb8b8b9479
<DATA_ROOT>\casting_512x512\casting_512x512\def_front\cast_def_0_8848.jpeg,1,663,9b58f4370a594523dc4cd44d9893d098
<DATA_ROOT>\casting_512x512\casting_512x512\def_front\cast_def_0_8855.jpeg,1,664,aea5b5bb746ec233588cb7fc5aa95e97
<DATA_ROOT>\casting_512x512\casting_512x512\def_front\cast_def_0_8867.jpeg,1,665,45f99bf3a980ab2d1b6262312bc1351a
<DATA_ROOT>\casting_512x512\casting_512x512\def_front\cast_def_0_8948.jpeg,1,667,a3578a2ab761dd30e5f32020d5dc10e8
<DATA_ROOT>\casting_512x512\casting_512x512\def_front\cast_def_0_8975.jpeg,1,670,dae145e07e50ee8a935158f039f7b103
<DATA_ROOT>\casting_512x512\casting_512x512\def_front\cast_def_0_9023.jpeg,1,672,c4ccbe559152a188246c30262b2abfb6
<DATA_ROOT>\casting_512x512\casting_512x512\def_front\cast_def_0_9025.jpeg,1,673,63159de179730b52c933d413e1de38e0
<DATA_ROOT>\casting_512x512\casting_512x512\def_front\cast_def_0_9060.jpeg,1,9,27350790ee9de6edd4bc40825fb9081b
<DATA_ROOT>\casting_512x512\casting_512x512\def_front\cast_def_0_9067.jpeg,1,675,34e77481a0ebe5d6beee6733f691547c
<DATA_ROOT>\casting_512x512\casting_512x512\def_front\cast_def_0_9075.jpeg,1,677,2876e5ed07e391a6fcb8d8b9bd510faf
<DATA_ROOT>\casting_512x512\casting_512x512\def_front\cast_def_0_9098.jpeg,1,680,d77c60347775ca2dd0e3bd1e17a89bd2
<DATA_ROOT>\casting_512x512\casting_512x512\def_front\cast_def_0_91.jpeg,1,681,4b925822623ee1ea97125e6a6d0c7342
<DATA_ROOT>\casting_512x512\casting_512x512\def_front\cast_def_0_9139.jpeg,1,682,f11d89f6b16d9542f91e298d15cc1943
<DATA_ROOT>\casting_512x512\casting_512x512\def_front\cast_def_0_9146.jpeg,1,683,cd40fb007a7419eb83cf15f45e63822d
<DATA_ROOT>\casting_512x512\casting_512x512\def_front\cast_def_0_9180.jpeg,1,38,8bf219f8ac9de27fa43a753d0f3a0429
<DATA_ROOT>\casting_512x512\casting_512x512\def_front\cast_def_0_9188.jpeg,1,686,771b4ae074bf01760f21b594e387f0e2
<DATA_ROOT>\casting_512x512\casting_512x512\def_front\cast_def_0_9206.jpeg,1,687,5e04b56bb2a6e07c4aeaa60c5da6ca4f
<DATA_ROOT>\casting_512x512\casting_512x512\def_front\cast_def_0_9211.jpeg,1,688,5107161d8cfb1a5b1d15711ee641d214
<DATA_ROOT>\casting_512x512\casting_512x512\def_front\cast_def_0_9227.jpeg,1,689,813320900ed2ed84cd0dfb63db5400a1
<DATA_ROOT>\casting_512x512\casting_512x512\def_front\cast_def_0_9234.jpeg,1,690,5edcc6dcf4c7dd1d5880289f8a85ce48
<DATA_ROOT>\casting_512x512\casting_512x512\def_front\cast_def_0_9262.jpeg,1,691,6d007c61d06959086bcd84b881d93330
<DATA_ROOT>\casting_512x512\casting_512x512\def_front\cast_def_0_9276.jpeg,1,692,2395400b0b7ebc165aee82ab6891bbb0
<DATA_ROOT>\casting_512x512\casting_512x512\def_front\cast_def_0_93.jpeg,1,693,b58b4e2ecc9b21d4c89b000565bf3ff2
<DATA_ROOT>\casting_512x512\casting_512x512\def_front\cast_def_0_9320.jpeg,1,569,efea2587a3e40eb0b288565ef0357461
<DATA_ROOT>\casting_512x512\casting_512x512\def_front\cast_def_0_9325.jpeg,1,694,203595e576a3eb7b185bc289b08b4594
<DATA_ROOT>\casting_512x512\casting_512x512\def_front\cast_def_0_9328.jpeg,1,695,ae7d9630a2bafc4ec0934b1b7779dc3c
<DATA_ROOT>\casting_512x512\casting_512x512\def_front\cast_def_0_9333.jpeg,1,696,a8110bd068c2cbd6a21a6e217e2ab5eb
<DATA_ROOT>\casting_512x512\casting_512x512\def_front\cast_def_0_9339.jpeg,1,697,1767b1eee49d5bbe7e5e9f6110685eb3
<DATA_ROOT>\casting_512x512\casting_512x512\def_front\cast_def_0_9356.jpeg,1,699,31ec0ede966c2661c0420ed2771f084a
<DATA_ROOT>\casting_512x512\casting_512x512\def_front\cast_def_0_937.jpeg,1,700,55c55f74555a63f160c9f90d48b3383a
<DATA_ROOT>\casting_512x512\casting_512x512\def_front\cast_def_0_9378.jpeg,1,701,1520aa4beba952b9c716ddcbb8c2365e
<DATA_ROOT>\casting_512x512\casting_512x512\def_front\cast_def_0_9379.jpeg,1,702,fda1a9b501fd013c8e20f407a08dd7dc
<DATA_ROOT>\casting_512x512\casting_512x512\def_front\cast_def_0_9388.jpeg,1,703,7af52bf161da843fd7b311ca4701a81d
<DATA_ROOT>\casting_512x512\casting_512x512\def_front\cast_def_0_9403.jpeg,1,705,8641f5117334d6f8848325e1185caadb
<DATA_ROOT>\casting_512x512\casting_512x512\def_front\cast_def_0_9435.jpeg,1,706,3e36050fef66a711bfe9d045afd66ddc
<DATA_ROOT>\casting_512x512\casting_512x512\def_front\cast_def_0_9453.jpeg,1,707,bc0c4960c607118cc9f5c3b3e37d3b8d
<DATA_ROOT>\casting_512x512\casting_512x512\def_front\cast_def_0_9474.jpeg,1,709,a559c9bb036c755091b7152acdda0b3c
<DATA_ROOT>\casting_512x512\casting_512x512\def_front\cast_def_0_9475.jpeg,1,692,1ba2e1e8b577b3d393906c07fab17e08
<DATA_ROOT>\casting_512x512\casting_512x512\def_front\cast_def_0_9477.jpeg,1,710,6ef1ab39645877269c1f8e52a257c0d8
<DATA_ROOT>\casting_512x512\casting_512x512\def_front\cast_def_0_9480.jpeg,1,711,3597953dc2a47d9cc65f062ccaba0e39
<DATA_ROOT>\casting_512x512\casting_512x512\def_front\cast_def_0_9496.jpeg,1,712,fec444d1825a68d0396e7a7daeedb13f
<DATA_ROOT>\casting_512x512\casting_512x512\def_front\cast_def_0_9498.jpeg,1,713,9eb4b16fdae6bbd90d4a984eb4e0ab7b
<DATA_ROOT>\casting_512x512\casting_512x512\def_front\cast_def_0_9507.jpeg,1,714,de224d2f05f26c51d486ee56057658b8
<DATA_ROOT>\casting_512x512\casting_512x512\def_front\cast_def_0_9540.jpeg,1,716,9e591d3d4099b3f3f516e57fb3131d04
<DATA_ROOT>\casting_512x512\casting_512x512\def_front\cast_def_0_959.jpeg,1,720,ed93c952536c324d5104b4c20753a5ac
<DATA_ROOT>\casting_512x512\casting_512x512\def_front\cast_def_0_9613.jpeg,1,52,94f971f059850d1f528d60bca754bd6d
<DATA_ROOT>\casting_512x512\casting_512x512\def_front\cast_def_0_9619.jpeg,1,723,35a99501929a00273df95c75d43fb1a5
<DATA_ROOT>\casting_512x512\casting_512x512\def_front\cast_def_0_9637.jpeg,1,725,7ab7e7970b2978e8ca97aa4dbf0e207c
<DATA_ROOT>\casting_512x512\casting_512x512\def_front\cast_def_0_966.jpeg,1,729,4a6bf7314a92aefec37d08a87356dc17
<DATA_ROOT>\casting_512x512\casting_512x512\def_front\cast_def_0_9669.jpeg,1,730,2c5b7ef64ba5f751e901c7b30da57a97
<DATA_ROOT>\casting_512x512\casting_512x512\def_front\cast_def_0_9683.jpeg,1,731,0b0ab35ddb183a68c39030e0b529f64f
<DATA_ROOT>\casting_512x512\casting_512x512\def_front\cast_def_0_9750.jpeg,1,733,8f91647c7d2536d628fe75151246b61d
<DATA_ROOT>\casting_512x512\casting_512x512\def_front\cast_def_0_976.jpeg,1,735,19efff7d71012710898c6fbe16b1f8d9
<DATA_ROOT>\casting_512x512\casting_512x512\def_front\cast_def_0_9836.jpeg,1,737,3232857ece49e9cca83d32f13438898c
<DATA_ROOT>\casting_512x512\casting_512x512\def_front\cast_def_0_9854.jpeg,1,738,99b7132458f4ba038a6cce52e0a49561
<DATA_ROOT>\casting_512x512\casting_512x512\def_front\cast_def_0_9879.jpeg,1,743,1d46da9a8ff34af32a2326b54be50047
<DATA_ROOT>\casting_512x512\casting_512x512\def_front\cast_def_0_994.jpeg,1,744,04691f311e29179b89afd6a34f8145f5
<DATA_ROOT>\casting_512x512\casting_512x512\def_front\cast_def_0_9963.jpeg,1,745,e041c14551995b19e1f188739477b8ad
<DATA_ROOT>\casting_512x512\casting_512x512\def_front\cast_def_0_9980.jpeg,1,746,a10cead98503dae46953f2bda933b238
<DATA_ROOT>\casting_512x512\casting_512x512\def_front\cast_def_0_9995.jpeg,1,747,034c9b4ddaf96a4327206d2e84cc2845
<DATA_ROOT>\casting_512x512\casting_512x512\ok_front\cast_ok_0_1021.jpeg,0,749,515ab642059ae689bb27ae8c5d7f9972
<DATA_ROOT>\casting_512x512\casting_512x512\ok_front\cast_ok_0_1028.jpeg,0,750,89e4cf6f47383c1a337e28b8432fbbf9
<DATA_ROOT>\casting_512x512\casting_512x512\ok_front\cast_ok_0_1074.jpeg,0,751,d0f015b53aab919ecb91af84e27a57e1
<DATA_ROOT>\casting_512x512\casting_512x512\ok_front\cast_ok_0_1082.jpeg,0,752,2db99566aef07cdb3e734b5530d31ac9
<DATA_ROOT>\casting_512x512\casting_512x512\ok_front\cast_ok_0_1083.jpeg,0,753,e645699ea43ad683755fba861da8369e
<DATA_ROOT>\casting_512x512\casting_512x512\ok_front\cast_ok_0_1102.jpeg,0,756,89a2521a91859314c338c849dd62d062
<DATA_ROOT>\casting_512x512\casting_512x512\ok_front\cast_ok_0_119.jpeg,0,760,7579ec2c56f6b48a5dfcb16b1147b250
<DATA_ROOT>\casting_512x512\casting_512x512\ok_front\cast_ok_0_1192.jpeg,0,761,404ae8038921598e1080c387c4162d80
<DATA_ROOT>\casting_512x512\casting_512x512\ok_front\cast_ok_0_1207.jpeg,0,762,96c3811699e9aafd2b0596557d1b05af
<DATA_ROOT>\casting_512x512\casting_512x512\ok_front\cast_ok_0_1234.jpeg,0,763,25667d6c47fc940ea13c30a812ebcb3a
<DATA_ROOT>\casting_512x512\casting_512x512\ok_front\cast_ok_0_1265.jpeg,0,764,b78080525e67050e92f231ac0060c7a0
<DATA_ROOT>\casting_512x512\casting_512x512\ok_front\cast_ok_0_129.jpeg,0,765,291efffc6f51264fa300704d948a19ed
<DATA_ROOT>\casting_512x512\casting_512x512\ok_front\cast_ok_0_1290.jpeg,0,766,bf4c259e7ed82fedafa806be682d8ac6
<DATA_ROOT>\casting_512x512\casting_512x512\ok_front\cast_ok_0_1362.jpeg,0,768,46a03824b9284c13a9c88d25d0624a66
<DATA_ROOT>\casting_512x512\casting_512x512\ok_front\cast_ok_0_1392.jpeg,0,769,7aec87ee463e5ecbe16b5ad39edaa053
<DATA_ROOT>\casting_512x512\casting_512x512\ok_front\cast_ok_0_1445.jpeg,0,771,a231824c263641c6eedb38f8aea9afec
<DATA_ROOT>\casting_512x512\casting_512x512\ok_front\cast_ok_0_1491.jpeg,0,773,0ba8ae8a1e60162d4d1e20817312cba5
<DATA_ROOT>\casting_512x512\casting_512x512\ok_front\cast_ok_0_1584.jpeg,0,777,c65a97de2f80da8b53aa50866e97a0e0
<DATA_ROOT>\casting_512x512\casting_512x512\ok_front\cast_ok_0_1589.jpeg,0,779,87462a1b9664fbcf7751e1677869ff6c
<DATA_ROOT>\casting_512x512\casting_512x512\ok_front\cast_ok_0_1592.jpeg,0,780,315b03e8a6774a31632ce402567518b9
<DATA_ROOT>\casting_512x512\casting_512x512\ok_front\cast_ok_0_1634.jpeg,0,782,637dd2f44d9116beceb3a6d9b53a0a53
<DATA_ROOT>\casting_512x512\casting_512x512\ok_front\cast_ok_0_1644.jpeg,0,783,2f11e097d1ccc1d107537ae5d6646d2f
<DATA_ROOT>\casting_512x512\casting_512x512\ok_front\cast_ok_0_1695.jpeg,0,786,a1ea0d591780eac0416366ae0cd32921
<DATA_ROOT>\casting_512x512\casting_512x512\ok_front\cast_ok_0_1723.jpeg,0,788,7ec9e2b55592214b4a1616765bdf23c7
<DATA_ROOT>\casting_512x512\casting_512x512\ok_front\cast_ok_0_1756.jpeg,0,790,3db76f1672e0486afa99fc91a41ee599
<DATA_ROOT>\casting_512x512\casting_512x512\ok_front\cast_ok_0_1761.jpeg,0,791,8fb020d637ca0dd71ef58d6e1a0b2374
<DATA_ROOT>\casting_512x512\casting_512x512\ok_front\cast_ok_0_1780.jpeg,0,792,48e4365c15572904b1fa270f250c2fdb
<DATA_ROOT>\casting_512x512\casting_512x512\ok_front\cast_ok_0_1817.jpeg,0,793,2522749e362dec3205f7f458f908b002
<DATA_ROOT>\casting_512x512\casting_512x512\ok_front\cast_ok_0_1853.jpeg,0,795,ee9f7ccf3fc095924f5ec99c652c9a56
<DATA_ROOT>\casting_512x512\casting_512x512\ok_front\cast_ok_0_1863.jpeg,0,796,071d2e6afa33b1361d009ceba623e70e
<DATA_ROOT>\casting_512x512\casting_512x512\ok_front\cast_ok_0_1879.jpeg,0,797,14b8154acd4fd2f2f6d07f005f10d0b3
<DATA_ROOT>\casting_512x512\casting_512x512\ok_front\cast_ok_0_1933.jpeg,0,798,df61bde7c017c0b01dba6d5f7e494201
<DATA_ROOT>\casting_512x512\casting_512x512\ok_front\cast_ok_0_1936.jpeg,0,799,ef4c32a62f105a65ebbf9049e69bf053
<DATA_ROOT>\casting_512x512\casting_512x512\ok_front\cast_ok_0_1959.jpeg,0,800,ec7851f9ef520b7ba21212a7062a8814
<DATA_ROOT>\casting_512x512\casting_512x512\ok_front\cast_ok_0_196.jpeg,0,801,b3e9ef1c0fcdef73285dbfe6badcbeb7
<DATA_ROOT>\casting_512x512\casting_512x512\ok_front\cast_ok_0_1963.jpeg,0,802,06e895dd203aefe6579efef519b5c6d8
<DATA_ROOT>\casting_512x512\casting_512x512\ok_front\cast_ok_0_199.jpeg,0,803,990d1f85dcc5185d03593bda4bb64285
<DATA_ROOT>\casting_512x512\casting_512x512\ok_front\cast_ok_0_2005.jpeg,0,804,4f6b7fa840b9f1903b96e8e36fa0afc4
<DATA_ROOT>\casting_512x512\casting_512x512\ok_front\cast_ok_0_2046.jpeg,0,805,b9a04e2f47be36b5acf54f662754a0ab
<DATA_ROOT>\casting_512x512\casting_512x512\ok_front\cast_ok_0_2054.jpeg,0,806,4fc62031a61aa98c0d4d2ba4c606bbe3
<DATA_ROOT>\casting_512x512\casting_512x512\ok_front\cast_ok_0_2060.jpeg,0,807,0f1f894bb6bc41e08ccf034621043426
<DATA_ROOT>\casting_512x512\casting_512x512\ok_front\cast_ok_0_2083.jpeg,0,808,05c58ce4bb665d4da30946e926030142
<DATA_ROOT>\casting_512x512\casting_512x512\ok_front\cast_ok_0_211.jpeg,0,805,73c75f5ca2695c40d01dfb89ae0a82eb
<DATA_ROOT>\casting_512x512\casting_512x512\ok_front\cast_ok_0_2138.jpeg,0,811,8350cf2c6c8b5006c9e029225807a6bd
<DATA_ROOT>\casting_512x512\casting_512x512\ok_front\cast_ok_0_2152.jpeg,0,812,83564db3a1351fc8959ae9d1bd3fb8fb
<DATA_ROOT>\casting_512x512\casting_512x512\ok_front\cast_ok_0_2208.jpeg,0,815,4fb107a36d29dd5ce101960a881eec5c
<DATA_ROOT>\casting_512x512\casting_512x512\ok_front\cast_ok_0_222.jpeg,0,816,32635634c55c17eeae770b7af6e786d0
<DATA_ROOT>\casting_512x512\casting_512x512\ok_front\cast_ok_0_2235.jpeg,0,817,bedbc30501f9cd9db24ae0e60fc3f40d
<DATA_ROOT>\casting_512x512\casting_512x512\ok_front\cast_ok_0_2241.jpeg,0,818,ca34c87b6d59171a4f6bfd059c69deee
<DATA_ROOT>\casting_512x512\casting_512x512\ok_front\cast_ok_0_2244.jpeg,0,819,d0cbb0bb4c059dc77781650b41cbe5c9
<DATA_ROOT>\casting_512x512\casting_512x512\ok_front\cast_ok_0_2271.jpeg,0,760,7a41eb86449efa7cbd8738866ad12e78
<DATA_ROOT>\casting_512x512\casting_512x512\ok_front\cast_ok_0_2288.jpeg,0,821,72569bfa1fa580bdb5b6dffd8c865e29
<DATA_ROOT>\casting_512x512\casting_512x512\ok_front\cast_ok_0_2301.jpeg,0,823,791a163d3bf35fbb7d67868b1dd41834
<DATA_ROOT>\casting_512x512\casting_512x512\ok_front\cast_ok_0_2315.jpeg,0,824,1bcd521905567164440361f1ac1ddc6d
<DATA_ROOT>\casting_512x512\casting_512x512\ok_front\cast_ok_0_2379.jpeg,0,827,074d9c1b01fe135ca92879130c8c60c8
<DATA_ROOT>\casting_512x512\casting_512x512\ok_front\cast_ok_0_2394.jpeg,0,828,199d3ac96a5b4e1bae8646fb558e4e32
<DATA_ROOT>\casting_512x512\casting_512x512\ok_front\cast_ok_0_2417.jpeg,0,829,e49871d601b97d2ae35abe36fd2f16b5
<DATA_ROOT>\casting_512x512\casting_512x512\ok_front\cast_ok_0_2456.jpeg,0,831,3797ea8d3c38c702f79bae19617985cc
<DATA_ROOT>\casting_512x512\casting_512x512\ok_front\cast_ok_0_2482.jpeg,0,833,492bbfa70c49e7acc482f716eec8d25a
<DATA_ROOT>\casting_512x512\casting_512x512\ok_front\cast_ok_0_2505.jpeg,0,834,072f8ecfc2648994421768f38f132bad
<DATA_ROOT>\casting_512x512\casting_512x512\ok_front\cast_ok_0_2588.jpeg,0,838,74e5e75cb0a02f8cedfe2d7ee7abe303
<DATA_ROOT>\casting_512x512\casting_512x512\ok_front\cast_ok_0_2605.jpeg,0,839,38e0d7ac30989c33bef0502696face51
<DATA_ROOT>\casting_512x512\casting_512x512\ok_front\cast_ok_0_2614.jpeg,0,840,5b4330195cd12b5fdb748fc27f980bb3
<DATA_ROOT>\casting_512x512\casting_512x512\ok_front\cast_ok_0_2622.jpeg,0,841,94e649710ecb4bc24527a535971f44fd
<DATA_ROOT>\casting_512x512\casting_512x512\ok_front\cast_ok_0_2643.jpeg,0,842,0b97c245ada8838bbde165edac1fd1b5
<DATA_ROOT>\casting_512x512\casting_512x512\ok_front\cast_ok_0_265.jpeg,0,843,6ea97cefc36f73b98ced692a800d4e22
<DATA_ROOT>\casting_512x512\casting_512x512\ok_front\cast_ok_0_2697.jpeg,0,844,5ac66e490dad34e258251dab8a7bf5ef
<DATA_ROOT>\casting_512x512\casting_512x512\ok_front\cast_ok_0_2720.jpeg,0,845,c021b82961a392a3da8611c5bc1e74cc
<DATA_ROOT>\casting_512x512\casting_512x512\ok_front\cast_ok_0_2721.jpeg,0,846,eb4c65c1ae3be16453c8d32c8f8a8af0
<DATA_ROOT>\casting_512x512\casting_512x512\ok_front\cast_ok_0_2722.jpeg,0,847,10a8da67659e7188aa46e4bfcf6347e3
<DATA_ROOT>\casting_512x512\casting_512x512\ok_front\cast_ok_0_2746.jpeg,0,849,e2a3b402bbc3d366ab3f76ae07ca2bf2
<DATA_ROOT>\casting_512x512\casting_512x512\ok_front\cast_ok_0_277.jpeg,0,850,8c0037389d09ea468bb6a8a7dc23d903
<DATA_ROOT>\casting_512x512\casting_512x512\ok_front\cast_ok_0_2770.jpeg,0,851,4edef8c311b975bf29f7ab7673c881e2
<DATA_ROOT>\casting_512x512\casting_512x512\ok_front\cast_ok_0_2781.jpeg,0,853,5b894fe767dfea4e37de7080855d6bd3
<DATA_ROOT>\casting_512x512\casting_512x512\ok_front\cast_ok_0_2784.jpeg,0,854,5c61ae175e6a09e49e355905dc4605b3
<DATA_ROOT>\casting_512x512\casting_512x512\ok_front\cast_ok_0_2785.jpeg,0,855,8e49e603bc9d2355ce8cef102b1aa8e3
<DATA_ROOT>\casting_512x512\casting_512x512\ok_front\cast_ok_0_2816.jpeg,0,856,7648b1145a4d0b876c83f77ec03ae6f6
<DATA_ROOT>\casting_512x512\casting_512x512\ok_front\cast_ok_0_2818.jpeg,0,857,147580208e6b8916ae37222eae89ce05
<DATA_ROOT>\casting_512x512\casting_512x512\ok_front\cast_ok_0_2967.jpeg,0,861,9e65f37295efdfd3058b96b5420cf6fc
<DATA_ROOT>\casting_512x512\casting_512x512\ok_front\cast_ok_0_2992.jpeg,0,863,5aa27adf098245e3428173bc20d98817
<DATA_ROOT>\casting_512x512\casting_512x512\ok_front\cast_ok_0_2997.jpeg,0,864,19a93c33317cabcf5470ee98dc8a0cb4
<DATA_ROOT>\casting_512x512\casting_512x512\ok_front\cast_ok_0_2999.jpeg,0,865,aea3dd47ece5b9509b1c656c9069baac
<DATA_ROOT>\casting_512x512\casting_512x512\ok_front\cast_ok_0_3025.jpeg,0,802,f5ce8a7758bfb237804ea8c05005721a
<DATA_ROOT>\casting_512x512\casting_512x512\ok_front\cast_ok_0_304.jpeg,0,866,978c24f3fea7c585273ace7b2e9ba3eb
<DATA_ROOT>\casting_512x512\casting_512x512\ok_front\cast_ok_0_3049.jpeg,0,867,c48118666328c6364466bc97c405ee1d
<DATA_ROOT>\casting_512x512\casting_512x512\ok_front\cast_ok_0_3064.jpeg,0,803,8c3f019456baf9c70ba1251fc9ae6771
<DATA_ROOT>\casting_512x512\casting_512x512\ok_front\cast_ok_0_3102.jpeg,0,869,2aa2c572b8a56d158e8c2f1fbbec29eb
<DATA_ROOT>\casting_512x512\casting_512x512\ok_front\cast_ok_0_3106.jpeg,0,870,c308f54844b20d6e8c58fdc0cc01411c
<DATA_ROOT>\casting_512x512\casting_512x512\ok_front\cast_ok_0_312.jpeg,0,797,5acf024b4216b3544faf7dccb07dde0f
<DATA_ROOT>\casting_512x512\casting_512x512\ok_front\cast_ok_0_3136.jpeg,0,871,b6012a860b297a623dd1df4720dcb0f5
<DATA_ROOT>\casting_512x512\casting_512x512\ok_front\cast_ok_0_3138.jpeg,0,872,da77ff7c4ca735eac193058f099eb4a3
<DATA_ROOT>\casting_512x512\casting_512x512\ok_front\cast_ok_0_3181.jpeg,0,873,6f20771dcbdcfa9759d574b89e431107
<DATA_ROOT>\casting_512x512\casting_512x512\ok_front\cast_ok_0_3186.jpeg,0,874,9355a0521d05c28ad0f5391141b41d77
<DATA_ROOT>\casting_512x512\casting_512x512\ok_front\cast_ok_0_3199.jpeg,0,875,efa1abf7a50bdcd9e8763e3075522425
<DATA_ROOT>\casting_512x512\casting_512x512\ok_front\cast_ok_0_3214.jpeg,0,876,9eb2fb1d2db855652766ef0667d1cad0
<DATA_ROOT>\casting_512x512\casting_512x512\ok_front\cast_ok_0_3246.jpeg,0,877,cb7fad5cf5628114ba75dc9b4d520ef1
<DATA_ROOT>\casting_512x512\casting_512x512\ok_front\cast_ok_0_327.jpeg,0,878,6a5fcd9de9d3170ea023f524482d3cc4
<DATA_ROOT>\casting_512x512\casting_512x512\ok_front\cast_ok_0_3304.jpeg,0,879,e3a92b2d2cf75496603bb643edd701c6
<DATA_ROOT>\casting_512x512\casting_512x512\ok_front\cast_ok_0_3336.jpeg,0,880,5a58295cc453cc0669b520d9521b0875
<DATA_ROOT>\casting_512x512\casting_512x512\ok_front\cast_ok_0_3338.jpeg,0,882,2b8fdd09fb28a02e3f26f431dd28efd7
<DATA_ROOT>\casting_512x512\casting_512x512\ok_front\cast_ok_0_3386.jpeg,0,884,a239fdd8a66091e80e60603027b73c16
<DATA_ROOT>\casting_512x512\casting_512x512\ok_front\cast_ok_0_3465.jpeg,0,889,2755928b86daa3596df1fa8c3d29e7e2
<DATA_ROOT>\casting_512x512\casting_512x512\ok_front\cast_ok_0_3498.jpeg,0,890,f0d603fd5e01dfa6fb9cde687e1cd3fc
<DATA_ROOT>\casting_512x512\casting_512x512\ok_front\cast_ok_0_35.jpeg,0,891,c60d0a1102d48ceaad9f4a52e00c04d4
<DATA_ROOT>\casting_512x512\casting_512x512\ok_front\cast_ok_0_3500.jpeg,0,892,90ffc30576f16d6e0a46e1a62d1fccdd
<DATA_ROOT>\casting_512x512\casting_512x512\ok_front\cast_ok_0_3596.jpeg,0,894,e6151b245e249e98e08e71755489f023
<DATA_ROOT>\casting_512x512\casting_512x512\ok_front\cast_ok_0_37.jpeg,0,896,ac6506edcb69526386d309ff3db4680f
<DATA_ROOT>\casting_512x512\casting_512x512\ok_front\cast_ok_0_373.jpeg,0,897,10502d5528f1897792e3bd9b853608cf
<DATA_ROOT>\casting_512x512\casting_512x512\ok_front\cast_ok_0_3736.jpeg,0,898,ba2eaa8038a10abeb0f2a25558202174
<DATA_ROOT>\casting_512x512\casting_512x512\ok_front\cast_ok_0_3820.jpeg,0,900,f0973776096fb414aaa1107fbe952507
<DATA_ROOT>\casting_512x512\casting_512x512\ok_front\cast_ok_0_3846.jpeg,0,902,09aef86c991dc471d1b769337b87ea5d
<DATA_ROOT>\casting_512x512\casting_512x512\ok_front\cast_ok_0_3869.jpeg,0,903,d999864fc621467d113242c7a3a52e84
<DATA_ROOT>\casting_512x512\casting_512x512\ok_front\cast_ok_0_3897.jpeg,0,905,f4c4cc9aa5b2c59a914fbabc80214e7d
<DATA_ROOT>\casting_512x512\casting_512x512\ok_front\cast_ok_0_3906.jpeg,0,906,68a33ecfa485636c677cc14eaa970729
<DATA_ROOT>\casting_512x512\casting_512x512\ok_front\cast_ok_0_3916.jpeg,0,907,78457eb2e2789cfe188bfd7b0fe352c5
<DATA_ROOT>\casting_512x512\casting_512x512\ok_front\cast_ok_0_3966.jpeg,0,908,1bcdf43589899b91f0036aa60238b8ce
<DATA_ROOT>\casting_512x512\casting_512x512\ok_front\cast_ok_0_3973.jpeg,0,909,d1f502b12eaa7d6a8cc16e5c8a214925
<DATA_ROOT>\casting_512x512\casting_512x512\ok_front\cast_ok_0_4010.jpeg,0,834,9a890602d886c29e5c479fe1263420a2
<DATA_ROOT>\casting_512x512\casting_512x512\ok_front\cast_ok_0_4020.jpeg,0,910,077f39791f83eec08095629aa6481847
<DATA_ROOT>\casting_512x512\casting_512x512\ok_front\cast_ok_0_4031.jpeg,0,824,5c1aae873908fee03bc9646138540f68
<DATA_ROOT>\casting_512x512\casting_512x512\ok_front\cast_ok_0_4038.jpeg,0,911,416d087d93bace16472b90fa72c336b4
<DATA_ROOT>\casting_512x512\casting_512x512\ok_front\cast_ok_0_4081.jpeg,0,913,6011532ef700176c2f921139d02ca257
<DATA_ROOT>\casting_512x512\casting_512x512\ok_front\cast_ok_0_4082.jpeg,0,914,576a54d4b167c1c949ed6d475e24f19b
<DATA_ROOT>\casting_512x512\casting_512x512\ok_front\cast_ok_0_4168.jpeg,0,768,9d839a75bc080bca8d83633def19dffb
<DATA_ROOT>\casting_512x512\casting_512x512\ok_front\cast_ok_0_4177.jpeg,0,917,cdea8d32909a6ef8c89a4080e910b532
<DATA_ROOT>\casting_512x512\casting_512x512\ok_front\cast_ok_0_4201.jpeg,0,918,0b74eb560378c54fdaba50c4781df055
<DATA_ROOT>\casting_512x512\casting_512x512\ok_front\cast_ok_0_4223.jpeg,0,919,bd4694eecc764e8cdb0f11198959a06c
<DATA_ROOT>\casting_512x512\casting_512x512\ok_front\cast_ok_0_423.jpeg,0,920,7f69cb57845223974a99cc44b9dbb726
<DATA_ROOT>\casting_512x512\casting_512x512\ok_front\cast_ok_0_4247.jpeg,0,921,4cd735f74997127541a0528329713132
<DATA_ROOT>\casting_512x512\casting_512x512\ok_front\cast_ok_0_431.jpeg,0,846,9b58fa6490e13a350ab8810041a4a173
<DATA_ROOT>\casting_512x512\casting_512x512\ok_front\cast_ok_0_4358.jpeg,0,923,25d54c882a8e73b0c85f82825bb31528
<DATA_ROOT>\casting_512x512\casting_512x512\ok_front\cast_ok_0_4405.jpeg,0,924,3839e1a397606c177923d802cd1950cc
<DATA_ROOT>\casting_512x512\casting_512x512\ok_front\cast_ok_0_4413.jpeg,0,925,5c5cacb2d94e249b3b66614c4e8fc357
<DATA_ROOT>\casting_512x512\casting_512x512\ok_front\cast_ok_0_4432.jpeg,0,753,13ee3bf409b5eba448290e5173b4fe59
<DATA_ROOT>\casting_512x512\casting_512x512\ok_front\cast_ok_0_4433.jpeg,0,865,fd687ece3968cb1787c0c50481ec54e9
<DATA_ROOT>\casting_512x512\casting_512x512\ok_front\cast_ok_0_4442.jpeg,0,927,6dcb06c674f1855beec70992ed04f5db
<DATA_ROOT>\casting_512x512\casting_512x512\ok_front\cast_ok_0_4450.jpeg,0,919,21d1e96cf783ca4bd9cb52dd4b13b416
<DATA_ROOT>\casting_512x512\casting_512x512\ok_front\cast_ok_0_4496.jpeg,0,829,dccc4d07ef568c87b0a51989c4a1bdbf
<DATA_ROOT>\casting_512x512\casting_512x512\ok_front\cast_ok_0_4503.jpeg,0,928,73a81203e5206db1734e2d5186f81d70
<DATA_ROOT>\casting_512x512\casting_512x512\ok_front\cast_ok_0_4561.jpeg,0,766,a8ff1a153e7f9ed601393efee55c9a07
<DATA_ROOT>\casting_512x512\casting_512x512\ok_front\cast_ok_0_4579.jpeg,0,930,dad1bde984c6afb168f18129a4c144c0
<DATA_ROOT>\casting_512x512\casting_512x512\ok_front\cast_ok_0_4582.jpeg,0,931,faf0ac42ac31cb3800a992e13cc9a381
<DATA_ROOT>\casting_512x512\casting_512x512\ok_front\cast_ok_0_4597.jpeg,0,932,f5767ba8168523b60d199f372205ed60
<DATA_ROOT>\casting_512x512\casting_512x512\ok_front\cast_ok_0_4639.jpeg,0,934,43559154a3175ffb17207eeaa4d558eb
<DATA_ROOT>\casting_512x512\casting_512x512\ok_front\cast_ok_0_4691.jpeg,0,903,1f72b9cedc5a6883e6c6cd42381dedc7
<DATA_ROOT>\casting_512x512\casting_512x512\ok_front\cast_ok_0_4736.jpeg,0,936,fe667f8d5367a109a0067d65955aaedc
<DATA_ROOT>\casting_512x512\casting_512x512\ok_front\cast_ok_0_4742.jpeg,0,937,adac74315473bf32ca429f2fd390e4e6
<DATA_ROOT>\casting_512x512\casting_512x512\ok_front\cast_ok_0_4773.jpeg,0,851,5272690f5eedad26a949324afb60841b
<DATA_ROOT>\casting_512x512\casting_512x512\ok_front\cast_ok_0_4799.jpeg,0,939,3319d99ea464c6075a7f674d658c4fa9
<DATA_ROOT>\casting_512x512\casting_512x512\ok_front\cast_ok_0_4821.jpeg,0,940,ff65f1ea65d34125e23390c732d8d225
<DATA_ROOT>\casting_512x512\casting_512x512\ok_front\cast_ok_0_4863.jpeg,0,943,e597c7db936b8a11c6199efa591b1f4c
<DATA_ROOT>\casting_512x512\casting_512x512\ok_front\cast_ok_0_4930.jpeg,0,944,2a987a731ace7ba707b1cb03f7a52c79
<DATA_ROOT>\casting_512x512\casting_512x512\ok_front\cast_ok_0_4943.jpeg,0,793,676be06a793b966178fded4c27c8399e
<DATA_ROOT>\casting_512x512\casting_512x512\ok_front\cast_ok_0_4944.jpeg,0,945,87035dd28b3208af81e381c033a009c2
<DATA_ROOT>\casting_512x512\casting_512x512\ok_front\cast_ok_0_4961.jpeg,0,867,dbdb10cc1544706494fe47de39711d8e
<DATA_ROOT>\casting_512x512\casting_512x512\ok_front\cast_ok_0_4974.jpeg,0,949,f4cc94453c197122f6abaa89f2cc1b11
<DATA_ROOT>\casting_512x512\casting_512x512\ok_front\cast_ok_0_5003.jpeg,0,950,26bd5450330f0d818ea4e11b2226ab87
<DATA_ROOT>\casting_512x512\casting_512x512\ok_front\cast_ok_0_5009.jpeg,0,951,e0ffb00c21d75f4b2f07a0b4904c8514
<DATA_ROOT>\casting_512x512\casting_512x512\ok_front\cast_ok_0_5077.jpeg,0,953,0d4e5c962b4b39ae6c26976c8b982ef6
<DATA_ROOT>\casting_512x512\casting_512x512\ok_front\cast_ok_0_5085.jpeg,0,954,189afa602af009174917c03cccc911be
<DATA_ROOT>\casting_512x512\casting_512x512\ok_front\cast_ok_0_5148.jpeg,0,956,fe4ccfc5b7e140637f247c5efa878df6
<DATA_ROOT>\casting_512x512\casting_512x512\ok_front\cast_ok_0_5150.jpeg,0,957,499d5b9a35f5ac40882e29462ff2780f
<DATA_ROOT>\casting_512x512\casting_512x512\ok_front\cast_ok_0_5181.jpeg,0,790,ee3868c6a135261ccb69c49d1a745025
<DATA_ROOT>\casting_512x512\casting_512x512\ok_front\cast_ok_0_5191.jpeg,0,903,bd55e0076e3766d2ab84781959560c19
<DATA_ROOT>\casting_512x512\casting_512x512\ok_front\cast_ok_0_5268.jpeg,0,829,f9ae4f233221387d32ecef1f62061b06
<DATA_ROOT>\casting_512x512\casting_512x512\ok_front\cast_ok_0_5326.jpeg,0,811,7522fa81fb2a36826d7a1641684ea14b
<DATA_ROOT>\casting_512x512\casting_512x512\ok_front\cast_ok_0_5327.jpeg,0,960,2a1ca65040d3a66aa355af5b9c3e0642
<DATA_ROOT>\casting_512x512\casting_512x512\ok_front\cast_ok_0_5379.jpeg,0,752,49fcd8951e2589e4d7f432fbc99f384b
<DATA_ROOT>\casting_512x512\casting_512x512\ok_front\cast_ok_0_5447.jpeg,0,962,31dd2da40090b67ca880457d95b98d12
<DATA_ROOT>\casting_512x512\casting_512x512\ok_front\cast_ok_0_5465.jpeg,0,963,ceb6b348a1f535e45c33143e3f88f591
<DATA_ROOT>\casting_512x512\casting_512x512\ok_front\cast_ok_0_5472.jpeg,0,964,1fb8dbf2e6e0db6c85c7224e95463d6d
<DATA_ROOT>\casting_512x512\casting_512x512\ok_front\cast_ok_0_5515.jpeg,0,965,610a3c3ceee9510a204d95212705626b
<DATA_ROOT>\casting_512x512\casting_512x512\ok_front\cast_ok_0_5524.jpeg,0,966,fbacb88378908084b543b80a6e049ed2
<DATA_ROOT>\casting_512x512\casting_512x512\ok_front\cast_ok_0_5536.jpeg,0,967,9c82e2b428f4f497f319b394192891fe
<DATA_ROOT>\casting_512x512\casting_512x512\ok_front\cast_ok_0_5548.jpeg,0,968,301bb02e43609d07f24b8e7b7cc0e579
<DATA_ROOT>\casting_512x512\casting_512x512\ok_front\cast_ok_0_5576.jpeg,0,971,fe649d1067fde6f8682330332ae536a7
<DATA_ROOT>\casting_512x512\casting_512x512\ok_front\cast_ok_0_5588.jpeg,0,972,0c1e295c9544bf292b5935782bc09eae
<DATA_ROOT>\casting_512x512\casting_512x512\ok_front\cast_ok_0_5604.jpeg,0,973,914a49a9401dfbd7b9b34e07831c8860
<DATA_ROOT>\casting_512x512\casting_512x512\ok_front\cast_ok_0_5609.jpeg,0,974,d7565d1b2a8741068368f88136ede7f2
<DATA_ROOT>\casting_512x512\casting_512x512\ok_front\cast_ok_0_5625.jpeg,0,975,5fbd6771210521444c446088d6c1cf36
<DATA_ROOT>\casting_512x512\casting_512x512\ok_front\cast_ok_0_5681.jpeg,0,979,9f675b810b3aea83b850ab222aaacd13
<DATA_ROOT>\casting_512x512\casting_512x512\ok_front\cast_ok_0_5685.jpeg,0,980,4da8960ce530903e0707b35080c74b6f
<DATA_ROOT>\casting_512x512\casting_512x512\ok_front\cast_ok_0_5691.jpeg,0,982,90f584e9397cb86661cfb4da438852a0
<DATA_ROOT>\casting_512x512\casting_512x512\ok_front\cast_ok_0_5728.jpeg,0,768,be58bfee3c7e2b198d11884f2cfd91a9
<DATA_ROOT>\casting_512x512\casting_512x512\ok_front\cast_ok_0_5738.jpeg,0,983,5bb6ebbd2be14bf1944e2db4d098bdfe
<DATA_ROOT>\casting_512x512\casting_512x512\ok_front\cast_ok_0_5812.jpeg,0,985,3fe7c64896f799971c343d50660e0d31
<DATA_ROOT>\casting_512x512\casting_512x512\ok_front\cast_ok_0_5814.jpeg,0,986,f61e647b6f977fb3f6b22c0eff040287
<DATA_ROOT>\casting_512x512\casting_512x512\ok_front\cast_ok_0_5818.jpeg,0,987,7267c1efb3f700cee07a238327ec8496
<DATA_ROOT>\casting_512x512\casting_512x512\ok_front\cast_ok_0_583.jpeg,0,988,d00b83cca98e3980c4dae629964ed905
<DATA_ROOT>\casting_512x512\casting_512x512\ok_front\cast_ok_0_5852.jpeg,0,801,ef5dcc8d696ab15b591f1163b64241ad
<DATA_ROOT>\casting_512x512\casting_512x512\ok_front\cast_ok_0_5853.jpeg,0,989,cb25b176f78a41327c47da4aac57773b
<DATA_ROOT>\casting_512x512\casting_512x512\ok_front\cast_ok_0_5854.jpeg,0,856,98b92f738ced5d7acfafe38fff1f5ce2
<DATA_ROOT>\casting_512x512\casting_512x512\ok_front\cast_ok_0_586.jpeg,0,990,8b8b96d22b89b849bb37cf9cba196b02
<DATA_ROOT>\casting_512x512\casting_512x512\ok_front\cast_ok_0_591.jpeg,0,991,a0852ab19e3adeb8fb0afba35ef0f42a
<DATA_ROOT>\casting_512x512\casting_512x512\ok_front\cast_ok_0_5929.jpeg,0,992,19c9b6034898a8757db95b5620683591
<DATA_ROOT>\casting_512x512\casting_512x512\ok_front\cast_ok_0_5942.jpeg,0,993,7281f1ce7353534ab07f7b401782faa5
<DATA_ROOT>\casting_512x512\casting_512x512\ok_front\cast_ok_0_601.jpeg,0,994,185dcbfd70c7f629e92c2fb2e4675483
<DATA_ROOT>\casting_512x512\casting_512x512\ok_front\cast_ok_0_6018.jpeg,0,995,88318d069a216290d89c60028590a2b0
<DATA_ROOT>\casting_512x512\casting_512x512\ok_front\cast_ok_0_6079.jpeg,0,967,ecf01ac29b74db6df0e817e6aae58707
<DATA_ROOT>\casting_512x512\casting_512x512\ok_front\cast_ok_0_6119.jpeg,0,998,7005dfd54491157b7ed55c2fa97a8f96
<DATA_ROOT>\casting_512x512\casting_512x512\ok_front\cast_ok_0_6129.jpeg,0,999,b43080a82463aed5b3e90973edeb291b
<DATA_ROOT>\casting_512x512\casting_512x512\ok_front\cast_ok_0_6134.jpeg,0,1000,6576366168a36dc2a172a5f08ebcd45a
<DATA_ROOT>\casting_512x512\casting_512x512\ok_front\cast_ok_0_6149.jpeg,0,1001,190777e7446fd0c932c94d7818723de1
<DATA_ROOT>\casting_512x512\casting_512x512\ok_front\cast_ok_0_623.jpeg,0,1004,83ff4dbac5a64150ce16f4ec6e100233
<DATA_ROOT>\casting_512x512\casting_512x512\ok_front\cast_ok_0_6235.jpeg,0,894,202d3fa32abf41f1ca18f390ba7a51b6
<DATA_ROOT>\casting_512x512\casting_512x512\ok_front\cast_ok_0_6236.jpeg,0,1005,297a57b3771cc48bcfa90f301676fe2c
<DATA_ROOT>\casting_512x512\casting_512x512\ok_front\cast_ok_0_6250.jpeg,0,1006,cb2a3e8d2a00042fc39ea35d537fec6c
<DATA_ROOT>\casting_512x512\casting_512x512\ok_front\cast_ok_0_6287.jpeg,0,1008,b924c6d61377a920fa92f7c9aec23b51
<DATA_ROOT>\casting_512x512\casting_512x512\ok_front\cast_ok_0_6292.jpeg,0,1009,3b7c23ccf0c17f3f3ed4f98345de30bb
<DATA_ROOT>\casting_512x512\casting_512x512\ok_front\cast_ok_0_6295.jpeg,0,1010,b7636e27789f45b21ea4d7419bfdc08f
<DATA_ROOT>\casting_512x512\casting_512x512\ok_front\cast_ok_0_6306.jpeg,0,1011,b03a219edbc027ab9c1b74fa062b7eba
<DATA_ROOT>\casting_512x512\casting_512x512\ok_front\cast_ok_0_6329.jpeg,0,1012,496d94494e0e26a7abc31828b6fa948a
<DATA_ROOT>\casting_512x512\casting_512x512\ok_front\cast_ok_0_6332.jpeg,0,1013,292c0d3818f9d626bf3a6bb0260b2886
<DATA_ROOT>\casting_512x512\casting_512x512\ok_front\cast_ok_0_6449.jpeg,0,1017,c3f1acc396c20de0c3aa851a6ff6dc69
<DATA_ROOT>\casting_512x512\casting_512x512\ok_front\cast_ok_0_645.jpeg,0,1018,e7ff2c487b151303321bd0fcf6ccbf45
<DATA_ROOT>\casting_512x512\casting_512x512\ok_front\cast_ok_0_6471.jpeg,0,924,7e8aca66e79a92b60d3673cdb4ad8d7f
<DATA_ROOT>\casting_512x512\casting_512x512\ok_front\cast_ok_0_6474.jpeg,0,1019,9d758f1fc24de56ebd6a8b873b8c3ca4
<DATA_ROOT>\casting_512x512\casting_512x512\ok_front\cast_ok_0_6477.jpeg,0,1020,1bf29c6d15377c36b76f82821e844144
<DATA_ROOT>\casting_512x512\casting_512x512\ok_front\cast_ok_0_6537.jpeg,0,1023,e9489e3a6d95465fc5332dbbf6738dab
<DATA_ROOT>\casting_512x512\casting_512x512\ok_front\cast_ok_0_6579.jpeg,0,1025,ca88f9479b1c7c0f6cc86f6048b4f1b7
<DATA_ROOT>\casting_512x512\casting_512x512\ok_front\cast_ok_0_661.jpeg,0,790,22ca50a05a6ec5ca60ba5e9031bd451e
<DATA_ROOT>\casting_512x512\casting_512x512\ok_front\cast_ok_0_6644.jpeg,0,1026,d4cdcc3b4ab26255ba8ab793c18b3591
<DATA_ROOT>\casting_512x512\casting_512x512\ok_front\cast_ok_0_6679.jpeg,0,1027,250415f8f10cc2fca2ee8f9b08f9ff5a
<DATA_ROOT>\casting_512x512\casting_512x512\ok_front\cast_ok_0_6705.jpeg,0,1028,3fb5010093af99fc8ecc629adce70cf5
<DATA_ROOT>\casting_512x512\casting_512x512\ok_front\cast_ok_0_6741.jpeg,0,1030,9f536bde3a3aed698ebf92c4c88cd090
<DATA_ROOT>\casting_512x512\casting_512x512\ok_front\cast_ok_0_6765.jpeg,0,1031,4a8d3da2a7db123bd603c14d04362b98
<DATA_ROOT>\casting_512x512\casting_512x512\ok_front\cast_ok_0_6773.jpeg,0,1032,9421b608a55828e09c79e19d287c05ba
<DATA_ROOT>\casting_512x512\casting_512x512\ok_front\cast_ok_0_6788.jpeg,0,801,fbda3567678c21a87f27df44dafe42a4
<DATA_ROOT>\casting_512x512\casting_512x512\ok_front\cast_ok_0_6802.jpeg,0,1033,a23445353fb1aabb3e2f203c18b71b94
<DATA_ROOT>\casting_512x512\casting_512x512\ok_front\cast_ok_0_6826.jpeg,0,983,9795011f97c6e659a3cbeb6d986b35ab
<DATA_ROOT>\casting_512x512\casting_512x512\ok_front\cast_ok_0_6847.jpeg,0,1034,d10570aafbf4164b99ebda288aaaea6a
<DATA_ROOT>\casting_512x512\casting_512x512\ok_front\cast_ok_0_6854.jpeg,0,1035,1c968a3ce309dbc1d72f0b0fc83ebff6
<DATA_ROOT>\casting_512x512\casting_512x512\ok_front\cast_ok_0_688.jpeg,0,1037,8286ad1059014520c1869d34afea5b9f
<DATA_ROOT>\casting_512x512\casting_512x512\ok_front\cast_ok_0_6880.jpeg,0,811,b465c8c66891a7a5f6e8399c2081fc48
<DATA_ROOT>\casting_512x512\casting_512x512\ok_front\cast_ok_0_6881.jpeg,0,851,e78100aee492ee744184256d0a5b5886
<DATA_ROOT>\casting_512x512\casting_512x512\ok_front\cast_ok_0_6890.jpeg,0,992,ed5fe15736214b43d2340921ea0c1e68
<DATA_ROOT>\casting_512x512\casting_512x512\ok_front\cast_ok_0_6922.jpeg,0,1038,596ae980c026de6061182cfe3c502721
<DATA_ROOT>\casting_512x512\casting_512x512\ok_front\cast_ok_0_694.jpeg,0,751,6802977a47d2611f1577fd5a5f7500a6
<DATA_ROOT>\casting_512x512\casting_512x512\ok_front\cast_ok_0_7021.jpeg,0,768,454722236a16980fe1a83063140da365
<DATA_ROOT>\casting_512x512\casting_512x512\ok_front\cast_ok_0_7049.jpeg,0,1040,cd4c33b2a18c633e35919c0825ded12d
<DATA_ROOT>\casting_512x512\casting_512x512\ok_front\cast_ok_0_7076.jpeg,0,1042,a728be23199f5e0a6b068f4a77bb114b
<DATA_ROOT>\casting_512x512\casting_512x512\ok_front\cast_ok_0_7111.jpeg,0,797,f90bfd4e57c95d0809e2770c6eb7e5ca
<DATA_ROOT>\casting_512x512\casting_512x512\ok_front\cast_ok_0_7112.jpeg,0,1043,9133a1c90066430326b6afba517f91ca
<DATA_ROOT>\casting_512x512\casting_512x512\ok_front\cast_ok_0_7117.jpeg,0,799,8b8ce3e93523b2f6ae7a4515066ee0fa
<DATA_ROOT>\casting_512x512\casting_512x512\ok_front\cast_ok_0_7120.jpeg,0,1044,9d505803b8caddb4ee3c269b5f2fe25f
<DATA_ROOT>\casting_512x512\casting_512x512\ok_front\cast_ok_0_7151.jpeg,0,1030,a3a0bdd2a9c767723915293f84dfe47f
<DATA_ROOT>\casting_512x512\casting_512x512\ok_front\cast_ok_0_7156.jpeg,0,1045,87862b52567a74fd30ba0b20c0185430
<DATA_ROOT>\casting_512x512\casting_512x512\ok_front\cast_ok_0_7171.jpeg,0,1047,45a8672b4868815e36e56a8778d6f6dd
<DATA_ROOT>\casting_512x512\casting_512x512\ok_front\cast_ok_0_7194.jpeg,0,1048,a924fd91b344ba171b653d1739595c1f
<DATA_ROOT>\casting_512x512\casting_512x512\ok_front\cast_ok_0_7195.jpeg,0,1049,345ff27145464af635228eb9c56d33f6
<DATA_ROOT>\casting_512x512\casting_512x512\ok_front\cast_ok_0_7206.jpeg,0,790,995f947cbbd409a6525276df7409f63e
<DATA_ROOT>\casting_512x512\casting_512x512\ok_front\cast_ok_0_7218.jpeg,0,1051,8ceb43dca2390a5960d12e62145d3ea2
<DATA_ROOT>\casting_512x512\casting_512x512\ok_front\cast_ok_0_7240.jpeg,0,1052,c9a2e81e12a1c25fc26359c4226bda0f
<DATA_ROOT>\casting_512x512\casting_512x512\ok_front\cast_ok_0_7351.jpeg,0,1056,d79fe0da01b3e5776b8f48d365b4ae78
<DATA_ROOT>\casting_512x512\casting_512x512\ok_front\cast_ok_0_7366.jpeg,0,1057,7d2a327f5323c17e41ea8e3a0b666ea4
<DATA_ROOT>\casting_512x512\casting_512x512\ok_front\cast_ok_0_7419.jpeg,0,1059,f94efd4a90d2ee97b1322b8e29d44a68
<DATA_ROOT>\casting_512x512\casting_512x512\ok_front\cast_ok_0_7445.jpeg,0,1061,266b976f2727367a8f53457c2889826b
<DATA_ROOT>\casting_512x512\casting_512x512\ok_front\cast_ok_0_7511.jpeg,0,1063,b4fcb84d595dcce769a0f3f5cb8490f9
<DATA_ROOT>\casting_512x512\casting_512x512\ok_front\cast_ok_0_7519.jpeg,0,928,2a7ec2985573a9f207c93f4edd62e7ea
<DATA_ROOT>\casting_512x512\casting_512x512\ok_front\cast_ok_0_7561.jpeg,0,1001,186592caee582bd0828a726fa8775f82
<DATA_ROOT>\casting_512x512\casting_512x512\ok_front\cast_ok_0_7573.jpeg,0,766,21e4627b09032c7e68b75f50edea454c
<DATA_ROOT>\casting_512x512\casting_512x512\ok_front\cast_ok_0_7591.jpeg,0,1066,2a23752f31845dd67e56b96a56ac00a5
<DATA_ROOT>\casting_512x512\casting_512x512\ok_front\cast_ok_0_7642.jpeg,0,1068,8fb656772749741f0dcc50d3ab36409a
<DATA_ROOT>\casting_512x512\casting_512x512\ok_front\cast_ok_0_7693.jpeg,0,800,5c3bd3a1b45b55675d04d7857c5965be
<DATA_ROOT>\casting_512x512\casting_512x512\ok_front\cast_ok_0_773.jpeg,0,1072,c6bb9709f1a1bdcb919eda0b92a2f8ea
<DATA_ROOT>\casting_512x512\casting_512x512\ok_front\cast_ok_0_7831.jpeg,0,1077,1e87fa7ee1e364af97fb963dfb1a5706
<DATA_ROOT>\casting_512x512\casting_512x512\ok_front\cast_ok_0_7836.jpeg,0,1020,7425ccf0f3494f3b3438d2f436d55e9c
<DATA_ROOT>\casting_512x512\casting_512x512\ok_front\cast_ok_0_7841.jpeg,0,1078,84f7787e0096fee45b398a4f18eb9516
<DATA_ROOT>\casting_512x512\casting_512x512\ok_front\cast_ok_0_7872.jpeg,0,1012,f23e54e5501c4b6db30f25a04e19f1e6
<DATA_ROOT>\casting_512x512\casting_512x512\ok_front\cast_ok_0_7939.jpeg,0,1080,2574954e1a9a00d556136b737ec92872
<DATA_ROOT>\casting_512x512\casting_512x512\ok_front\cast_ok_0_8002.jpeg,0,1081,d1f9e70586ade1d4751cd4ef88df19a9
<DATA_ROOT>\casting_512x512\casting_512x512\ok_front\cast_ok_0_8034.jpeg,0,1083,45c0a4ad0b8335aadb473d05630214b4
<DATA_ROOT>\casting_512x512\casting_512x512\ok_front\cast_ok_0_8067.jpeg,0,1085,b4e519925f18134b6b60e1bab27f37ad
<DATA_ROOT>\casting_512x512\casting_512x512\ok_front\cast_ok_0_8076.jpeg,0,1086,66e451074436f6f9571e7942046fb207
<DATA_ROOT>\casting_512x512\casting_512x512\ok_front\cast_ok_0_8088.jpeg,0,1088,4b050aeb1798e87547ba5149af73cd73
<DATA_ROOT>\casting_512x512\casting_512x512\ok_front\cast_ok_0_8113.jpeg,0,782,7d2bfbfb3e3e10dea837ddd1308dfde3
<DATA_ROOT>\casting_512x512\casting_512x512\ok_front\cast_ok_0_8126.jpeg,0,1089,a499d87da6b035e46adb635cd0812c95
<DATA_ROOT>\casting_512x512\casting_512x512\ok_front\cast_ok_0_8127.jpeg,0,937,c816a099fa690cb02a4ce8cd392e870c
<DATA_ROOT>\casting_512x512\casting_512x512\ok_front\cast_ok_0_8153.jpeg,0,1083,3a49395ab2d70fac294ea83d707ed883
<DATA_ROOT>\casting_512x512\casting_512x512\ok_front\cast_ok_0_8208.jpeg,0,1091,af6ab736dfe3485ab33ce39c9d342cdb
<DATA_ROOT>\casting_512x512\casting_512x512\ok_front\cast_ok_0_821.jpeg,0,1092,3187a1a0bbe45f5c2be7d09ed1e4c2bb
<DATA_ROOT>\casting_512x512\casting_512x512\ok_front\cast_ok_0_8278.jpeg,0,1093,7367b7d88fb7682087b10b88d8dc4ca7
<DATA_ROOT>\casting_512x512\casting_512x512\ok_front\cast_ok_0_833.jpeg,0,1095,205a503470e77210c46d1d83ee261a12
<DATA_ROOT>\casting_512x512\casting_512x512\ok_front\cast_ok_0_8356.jpeg,0,1096,4a8819826dd95461fa8814344fe70c6e
<DATA_ROOT>\casting_512x512\casting_512x512\ok_front\cast_ok_0_8375.jpeg,0,799,d1f02382cb4a236a2795a4db1c95f8cf
<DATA_ROOT>\casting_512x512\casting_512x512\ok_front\cast_ok_0_8419.jpeg,0,1098,3370689b6077c984c9b001e4fa35a1df
<DATA_ROOT>\casting_512x512\casting_512x512\ok_front\cast_ok_0_8438.jpeg,0,761,c1537a4d2f2cbe354167d9a1814abb08
<DATA_ROOT>\casting_512x512\casting_512x512\ok_front\cast_ok_0_8440.jpeg,0,1101,28e7d745e7528c6c67ff3370f2e8c344
<DATA_ROOT>\casting_512x512\casting_512x512\ok_front\cast_ok_0_8448.jpeg,0,1102,7772f18f55927b164be0a32d9b8ddff3
<DATA_ROOT>\casting_512x512\casting_512x512\ok_front\cast_ok_0_8466.jpeg,0,1104,1d5a355f8ef6ea72af572077fa6b0ba3
<DATA_ROOT>\casting_512x512\casting_512x512\ok_front\cast_ok_0_8496.jpeg,0,1105,949b7d942b916c5be5bb752c526e2c2f
<DATA_ROOT>\casting_512x512\casting_512x512\ok_front\cast_ok_0_8511.jpeg,0,1107,9a56d43b4b408a2bf0346f73dffbc499
<DATA_ROOT>\casting_512x512\casting_512x512\ok_front\cast_ok_0_8540.jpeg,0,1108,8e014a0937e492cfc718d923f96cd66b
<DATA_ROOT>\casting_512x512\casting_512x512\ok_front\cast_ok_0_8566.jpeg,0,803,cfda18898cfa4fb848f11fed69a797c8
<DATA_ROOT>\casting_512x512\casting_512x512\ok_front\cast_ok_0_8579.jpeg,0,1109,c33fc126a8dd3061c0b09cb196649539
<DATA_ROOT>\casting_512x512\casting_512x512\ok_front\cast_ok_0_8580.jpeg,0,1110,b08dade25726adb0d702b1890e3bf0c6
<DATA_ROOT>\casting_512x512\casting_512x512\ok_front\cast_ok_0_8616.jpeg,0,1111,90a54e61c26df6efb1e2386457e796cb
<DATA_ROOT>\casting_512x512\casting_512x512\ok_front\cast_ok_0_8646.jpeg,0,937,7d030078af87f5a68f8be9adc1af773e
<DATA_ROOT>\casting_512x512\casting_512x512\ok_front\cast_ok_0_8726.jpeg,0,1114,3b171c913e564feaa24368805b12bb9c
<DATA_ROOT>\casting_512x512\casting_512x512\ok_front\cast_ok_0_8738.jpeg,0,1115,e8482874000333559c3f0458c93d437e
<DATA_ROOT>\casting_512x512\casting_512x512\ok_front\cast_ok_0_8751.jpeg,0,1117,d4da9ef53072afbe3870300589bf016d
<DATA_ROOT>\casting_512x512\casting_512x512\ok_front\cast_ok_0_8762.jpeg,0,1118,06d9d4c5840e9578ed09e5bb2f8effda
<DATA_ROOT>\casting_512x512\casting_512x512\ok_front\cast_ok_0_8833.jpeg,0,1119,ca557a472ab933b1411d26adcf93bd36
<DATA_ROOT>\casting_512x512\casting_512x512\ok_front\cast_ok_0_8875.jpeg,0,807,2a63ed102ed95d4ea8744ee64a94921d
<DATA_ROOT>\casting_512x512\casting_512x512\ok_front\cast_ok_0_8930.jpeg,0,1120,b688406635a725c760d76c209abca13c
<DATA_ROOT>\casting_512x512\casting_512x512\ok_front\cast_ok_0_8974.jpeg,0,980,eaa64b8b7adf8525c802462da30ee41c
<DATA_ROOT>\casting_512x512\casting_512x512\ok_front\cast_ok_0_8996.jpeg,0,1121,5a818079ecf336b728f6be894f6c61fa
<DATA_ROOT>\casting_512x512\casting_512x512\ok_front\cast_ok_0_904.jpeg,0,1123,5a334d9ba0652d881feca11f2ab87c72
<DATA_ROOT>\casting_512x512\casting_512x512\ok_front\cast_ok_0_9108.jpeg,0,1124,73ff4a575f14fb7c1ef1829b667623b4
<DATA_ROOT>\casting_512x512\casting_512x512\ok_front\cast_ok_0_9112.jpeg,0,1125,dfe77d9703b4c0302efadc84961a3d98
<DATA_ROOT>\casting_512x512\casting_512x512\ok_front\cast_ok_0_9120.jpeg,0,1126,0e79c35f4678d6b22f61042e69da6944
<DATA_ROOT>\casting_512x512\casting_512x512\ok_front\cast_ok_0_9136.jpeg,0,854,749519a9661819ce1fb01b1ed65660a1
<DATA_ROOT>\casting_512x512\casting_512x512\ok_front\cast_ok_0_9173.jpeg,0,1129,cce1cc8acd0961f091dccd7df94dbb25
<DATA_ROOT>\casting_512x512\casting_512x512\ok_front\cast_ok_0_9191.jpeg,0,1081,8c190d5f32ce4a409c9f2a9d30b7e202
<DATA_ROOT>\casting_512x512\casting_512x512\ok_front\cast_ok_0_9192.jpeg,0,937,3aca0b84fa9b78f9e9cc889e36e2c13c
<DATA_ROOT>\casting_512x512\casting_512x512\ok_front\cast_ok_0_9193.jpeg,0,1130,26e6c9c90b8aabb433265f254b21f636
<DATA_ROOT>\casting_512x512\casting_512x512\ok_front\cast_ok_0_9201.jpeg,0,1131,18505860853f1b669a67f703051e1186
<DATA_ROOT>\casting_512x512\casting_512x512\ok_front\cast_ok_0_9216.jpeg,0,1133,314431b00541d6e5bbe19cda2acb44b6
<DATA_ROOT>\casting_512x512\casting_512x512\ok_front\cast_ok_0_9224.jpeg,0,1134,2e0e0197a24d3f33dda8b4e6c7bba6a6
<DATA_ROOT>\casting_512x512\casting_512x512\ok_front\cast_ok_0_9232.jpeg,0,797,68d10e587f99e833133eef20ddd51382
<DATA_ROOT>\casting_512x512\casting_512x512\ok_front\cast_ok_0_9235.jpeg,0,920,2a26ce98715e640e2bd26dcafbf3b1ac
<DATA_ROOT>\casting_512x512\casting_512x512\ok_front\cast_ok_0_9239.jpeg,0,1135,fcef5e6f8ccf9242975802e9d7bad27d
<DATA_ROOT>\casting_512x512\casting_512x512\ok_front\cast_ok_0_9260.jpeg,0,876,9d99379d85820ebbb6798464f13090a1
<DATA_ROOT>\casting_512x512\casting_512x512\ok_front\cast_ok_0_9270.jpeg,0,1136,86cbe95e294eab894ccc86d52b938be7
<DATA_ROOT>\casting_512x512\casting_512x512\ok_front\cast_ok_0_9277.jpeg,0,1137,f3aa42ee5e5ab8f50013280b7538e16a
<DATA_ROOT>\casting_512x512\casting_512x512\ok_front\cast_ok_0_9360.jpeg,0,1140,dbfb4d18fc28c277af4c7dce1974851e
<DATA_ROOT>\casting_512x512\casting_512x512\ok_front\cast_ok_0_9366.jpeg,0,1141,cd85930b546783cf80bb76cddb0b2c07
<DATA_ROOT>\casting_512x512\casting_512x512\ok_front\cast_ok_0_9367.jpeg,0,1142,60fff826aa6be3253bbc596678b94007
<DATA_ROOT>\casting_512x512\casting_512x512\ok_front\cast_ok_0_9393.jpeg,0,1144,ced9b3181bdd948e17d7e96f3916b25c
<DATA_ROOT>\casting_512x512\casting_512x512\ok_front\cast_ok_0_9395.jpeg,0,1145,e12bda4c1bf210bccf4c9e3487d8659f
<DATA_ROOT>\casting_512x512\casting_512x512\ok_front\cast_ok_0_9411.jpeg,0,1147,53203e1737e727375add94ab9478a230
<DATA_ROOT>\casting_512x512\casting_512x512\ok_front\cast_ok_0_9464.jpeg,0,818,3c2179551ed6384fb43216e74ba50afd
<DATA_ROOT>\casting_512x512\casting_512x512\ok_front\cast_ok_0_9494.jpeg,0,788,1b84ff2be6fb716ba5c433c298c7c6cb
<DATA_ROOT>\casting_512x512\casting_512x512\ok_front\cast_ok_0_9516.jpeg,0,1148,512886ccd644aa98417ad0715b19c19b
<DATA_ROOT>\casting_512x512\casting_512x512\ok_front\cast_ok_0_9536.jpeg,0,1149,69661604741c7366a2182ff6a56276f2
<DATA_ROOT>\casting_512x512\casting_512x512\ok_front\cast_ok_0_9584.jpeg,0,1150,b9a38b7a1005fe13956ab155289ed606
<DATA_ROOT>\casting_512x512\casting_512x512\ok_front\cast_ok_0_9591.jpeg,0,1151,ea0520aab3788de4172efb4d6953b0e7
<DATA_ROOT>\casting_512x512\casting_512x512\ok_front\cast_ok_0_9634.jpeg,0,1152,13212c862d0348c791822382f3f327a5
<DATA_ROOT>\casting_512x512\casting_512x512\ok_front\cast_ok_0_9658.jpeg,0,993,c9149a65658e4e7316f49531ac65fd42
<DATA_ROOT>\casting_512x512\casting_512x512\ok_front\cast_ok_0_9667.jpeg,0,1153,355f4cbc716c3cd479a65b69a95c3454
<DATA_ROOT>\casting_512x512\casting_512x512\ok_front\cast_ok_0_9734.jpeg,0,1155,b71bee7cb7fbd427e0421a4610d22ecd
<DATA_ROOT>\casting_512x512\casting_512x512\ok_front\cast_ok_0_9771.jpeg,0,1157,7d2b637e8541376640d1ac8f69a11e56
<DATA_ROOT>\casting_512x512\casting_512x512\ok_front\cast_ok_0_9818.jpeg,0,806,827a9762cda427f32e02262f2fbafb92
<DATA_ROOT>\casting_512x512\casting_512x512\ok_front\cast_ok_0_9840.jpeg,0,1012,cb5fe6a83fc0f9a0720dded6320af3a0
<DATA_ROOT>\casting_512x512\casting_512x512\ok_front\cast_ok_0_9959.jpeg,0,1162,e174e8700a620e8d5768df3470f91b56
<DATA_ROOT>\casting_512x512\casting_512x512\ok_front\cast_ok_0_9966.jpeg,0,1163,634cd8312f0eb94d299fa7b8a48e7d04
<DATA_ROOT>\casting_512x512\casting_512x512\ok_front\cast_ok_0_9990.jpeg,0,1164,e456e81b610f395141f18f2fbb9a5017
